"Time_Iter","Outer_Iter","Inner_Iter",    "rms[Rho]"    ,    "rms[RhoU]"   ,    "rms[RhoV]"   ,    "rms[RhoE]"   ,     "rms[nu]"    ,       "CD"       ,       "CL"       ,       "CSF"      ,       "CMx"      ,       "CMy"      ,       "CMz"      ,       "CFx"      ,       "CFy"      ,       "CFz"      ,      "CEff"      ,     "Buffet"     
          0,           0,           0,      -2.424331498,      -10.10406738,      -10.11783856,       3.039274766,      -10.46157666,       2.747348235,      -1.636435156,                 0,                 0,                 0,     -0.4449435325,       2.688563861,      -1.731319354,                 0,     -0.5956416937,     0.00125423269
          0,           0,           1,       -3.16459742,     0.02181842656,      -0.283209108,       2.307414787,      -9.022943491,       2.449270608,      -1.357672827,                 0,                 0,                 0,     -0.3693455202,       2.400396481,      -1.442324081,                 0,     -0.5543172004,     0.00125423269
          0,           0,           2,      -3.139521789,    -0.08807661055,     -0.6576129998,       2.340123462,      -9.543648254,       2.124900904,       -1.07473554,                 0,                 0,                 0,     -0.2907341456,       2.086098742,      -1.148238813,                 0,     -0.5057814877,     0.00125423269
          0,           0,           3,      -3.150573498,      -0.191300362,     -0.8719446165,       2.324345229,       -9.84548681,       1.924433697,     -0.9506356094,                 0,                 0,                 0,     -0.2546072114,        1.89008468,      -1.017218275,                 0,     -0.4939820014,     0.00125423269
          0,           0,           4,      -3.232855264,     -0.2824840457,     -0.8011235314,       2.238651431,      -10.01327991,       1.782225365,     -0.9054898098,                 0,                 0,                 0,     -0.2407098329,       1.749538543,     -0.9671369782,                 0,     -0.5080669525,     0.00125423269
          0,           0,           5,      -3.312586891,     -0.3627348799,      -0.783636486,       2.155126023,      -10.11878763,       1.657008587,     -0.8865386979,                 0,                 0,                 0,     -0.2345332685,       1.625059427,     -0.9438274082,                 0,     -0.5350235992,     0.00125423269
          0,           0,           6,      -3.362463421,     -0.4312703394,     -0.7730334608,        2.10100056,      -10.19189258,       1.532871639,     -0.8739540744,                 0,                 0,                 0,     -0.2303789197,       1.501437298,     -0.9269181339,                 0,      -0.570141721,     0.00125423269
          0,           0,           7,       -3.38364897,     -0.4846240367,     -0.7477601872,        2.07590073,      -10.24533093,       1.403399176,     -0.8604191911,                 0,                 0,                 0,     -0.2260889345,       1.372516067,     -0.9088729719,                 0,     -0.6130965485,     0.00125423269
          0,           0,           8,      -3.389063121,     -0.5197588409,     -0.7159288961,       2.067457686,      -10.28556403,       1.266082094,      -0.842564766,                 0,                 0,                 0,     -0.2206401919,       1.235905745,     -0.8862371262,                 0,     -0.6654898367,     0.00125423269
          0,           0,           9,      -3.387692606,     -0.5382085356,     -0.6882258916,       2.067006338,      -10.31521653,       1.120746661,      -0.818462097,                 0,                 0,                 0,     -0.2133978163,       1.091500017,     -0.8570770064,                 0,     -0.7302828778,     0.00125423269
          0,           0,          10,      -3.381214758,     -0.5463737182,     -0.6699924788,       2.073136506,      -10.33529913,      0.9688033447,     -0.7868665338,                 0,                 0,                 0,     -0.2038815853,      0.9407519299,     -0.8201979451,                 0,     -0.8122046008,     0.00125423269
          0,           0,          11,      -3.367901225,      -0.551914236,      -0.662903733,       2.087475817,      -10.34625828,      0.8127651943,     -0.7469959974,                 0,                 0,                 0,     -0.1917059431,      0.7862002953,     -0.7749060439,                 0,      -0.919079708,     0.00125423269
          0,           0,          12,       -3.34696872,     -0.5606790526,     -0.6666654463,       2.110182009,       -10.3486569,      0.6559209695,      -0.698502933,                 0,                 0,                 0,     -0.1765826677,      0.6311439994,     -0.7209687356,                 0,      -1.064919351,     0.00125423269
          0,           0,          13,      -3.320092955,     -0.5759313876,     -0.6795572934,       2.138842465,      -10.34347852,      0.5021091749,     -0.6414114482,                 0,                 0,                 0,     -0.1583511888,      0.4794183668,     -0.6585440752,                 0,      -1.277434232,     0.00125423269
          0,           0,          14,       -3.29008757,     -0.5986429356,     -0.6985234433,       2.170262867,      -10.33213924,      0.3555321472,     -0.5761034648,                 0,                 0,                 0,     -0.1369965889,      0.3352098457,     -0.5881604111,                 0,      -1.620397675,     0.00125423269
          0,           0,          15,      -3.259292264,     -0.6276716886,     -0.7193470513,       2.202104484,      -10.31639127,      0.2204888581,     -0.5032870549,                 0,                 0,                 0,     -0.1126635803,      0.2027900774,     -0.5106754162,                 0,      -2.282596314,     0.00125423269
          0,           0,          16,      -3.229253872,     -0.6593096146,     -0.7371959679,       2.232974402,      -10.29827138,      0.1010522557,     -0.4239416259,                 0,                 0,                 0,    -0.08565174117,     0.08619534804,      -0.427210045,                 0,      -4.195271277,     0.00125423269
          0,           0,          17,      -3.201226149,     -0.6865387985,     -0.7475467393,       2.261746676,      -10.27998591,   0.0006911680316,     -0.3392933548,                 0,                 0,                 0,    -0.05641535948,    -0.01115042033,     -0.3391107878,                 0,      -490.8985069,     0.00125423269
          0,           0,          18,      -3.176540943,     -0.7000454582,     -0.7471932318,       2.287136362,      -10.26360226,     -0.0780978643,     -0.2507845261,                 0,                 0,                 0,    -0.02554931042,    -0.08680254293,     -0.2479061788,                 0,       3.211157287,     0.00125423269
          0,           0,          19,      -3.156518635,     -0.6931701464,     -0.7349856196,       2.307810528,      -10.25071928,     -0.1340905535,     -0.1600379559,                 0,                 0,                 0,    0.006234425015,     -0.1395941133,     -0.1552607722,                 0,       1.193506564,     0.00125423269
          0,           0,          20,      -3.142113629,     -0.6673803964,     -0.7120834014,        2.32278258,      -10.24225031,     -0.1675389039,    -0.06881519047,                 0,                 0,                 0,     0.03813927978,     -0.1698384593,    -0.06292624669,                 0,      0.4107415583,     0.00125423269
          0,           0,          21,      -3.133559376,     -0.6308623419,     -0.6815427789,       2.331797524,        -10.238356,     -0.1799259655,     0.02104264472,                 0,                 0,                 0,      0.0693227433,     -0.1790819818,     0.02730915175,                 0,     -0.1169516843,     0.00125423269
          0,           0,          22,      -3.130121791,     -0.5923037323,     -0.6472922238,       2.335598473,      -10.23894141,     -0.1736356509,      0.1076787903,                 0,                 0,                 0,     0.09893879635,     -0.1697719412,      0.1136729921,                 0,     -0.6201421752,     0.00125423269
          0,           0,          23,       -3.12998452,     -0.5573298718,     -0.6130118893,       2.336057542,      -10.24283829,     -0.1516143848,       0.189282579,                 0,                 0,                 0,      0.1261799381,     -0.1449161586,      0.1944585389,                 0,      -1.248447364,     0.00125423269
          0,           0,          24,      -3.130347156,     -0.5285146198,     -0.5814579515,       2.336083604,      -10.24746409,     -0.1171542157,      0.2641403151,                 0,                 0,                 0,      0.1503153962,     -0.1078644845,      0.2680680311,                 0,      -2.254637731,     0.00125423269
          0,           0,          25,      -3.127917298,     -0.5065015359,     -0.5543355803,       2.339103304,      -10.24957184,    -0.07369645627,      0.3306684981,                 0,                 0,                 0,      0.1707219762,    -0.06211139822,       0.333039033,                 0,      -4.486898215,     0.00125423269
          0,           0,          26,      -3.119878351,     -0.4909589058,     -0.5325034998,       2.348018692,      -10.24633658,    -0.02463991215,      0.3874643782,                 0,                 0,                 0,      0.1869057883,    -0.01110259039,      0.3880882659,                 0,      -15.72507141,     0.00125423269
          0,           0,          27,      -3.104960926,     -0.4811986299,     -0.5162767032,       2.364057925,      -10.23629504,     0.02683508452,      0.4333221663,                 0,                 0,                 0,      0.1985132573,     0.04194146282,      0.4321216672,                 0,       16.14759834,     0.00125423269
          0,           0,          28,      -3.083861505,     -0.4765406467,     -0.5056844312,       2.386360025,      -10.21990905,     0.07790145684,      0.4672644739,                 0,                 0,                 0,      0.2053323435,     0.09416129634,      0.4642611074,                 0,       5.998148081,     0.00125423269
          0,           0,          29,      -3.058671034,     -0.4764533346,     -0.5005884828,       2.412643096,      -10.19908813,      0.1261845736,      0.4886221863,                 0,                 0,                 0,      0.2073115662,      0.1431603738,      0.4839207527,                 0,        3.87228147,     0.00125423269
          0,           0,          30,      -3.031844051,     -0.4803791952,     -0.5005796357,       2.440330361,      -10.17496506,      0.1698251192,      0.4970476847,                 0,                 0,                 0,      0.2045388815,      0.1870683804,      0.4908180855,                 0,       2.926820761,     0.00125423269
          0,           0,          31,       -3.00544522,     -0.4871660881,     -0.5045721432,        2.46733226,      -10.14901949,      0.2074982301,      0.4925081969,                 0,                 0,                 0,       0.197214974,       0.224560116,      0.4849665904,                 0,       2.373553724,     0.00125423269
          0,           0,          32,      -2.980919301,     -0.4941400405,     -0.5100884182,       2.492252786,      -10.12274039,      0.2383971015,      0.4752578587,                 0,                 0,                 0,      0.1856217262,      0.2548381365,      0.4666484056,                 0,       1.993555524,     0.00125423269
          0,           0,          33,      -2.959205013,     -0.4963377002,     -0.5125667531,       2.514233958,      -10.09731805,      0.2621804614,      0.4458284846,                 0,                 0,                 0,      0.1701080733,      0.2775799379,      0.4364069318,                 0,       1.700464185,     0.00125423269
          0,           0,          34,      -2.940931809,     -0.4873362866,     -0.5057924624,       2.532716987,      -10.07281895,      0.2788956596,       0.405019473,                 0,                 0,                 0,      0.1510821025,      0.2928607396,      0.3950394279,                 0,       1.452225802,     0.00125423269
          0,           0,          35,      -2.926525848,     -0.4629354561,     -0.4847929806,       2.547299711,      -10.04888519,      0.2888967382,      0.3538865093,                 0,                 0,                 0,      0.1290079119,      0.3010712112,      0.3435885804,                 0,        1.22495848,     0.00125423269
          0,           0,          36,       -2.91615782,     -0.4251155238,     -0.4498175678,       2.557762274,      -10.02508805,      0.2927599699,      0.2937234828,                 0,                 0,                 0,      0.1044042382,      0.3028324302,      0.2833273788,                 0,       1.003291136,     0.00125423269
          0,           0,          37,      -2.909552872,     -0.3812746123,     -0.4068385568,       2.564246973,      -10.00116324,      0.2912091626,      0.2260341635,                 0,                 0,                 0,     0.07784207735,      0.2989202444,      0.2157334164,                 0,       0.776191798,     0.00125423269
          0,           0,          38,      -2.905758542,     -0.3397922025,     -0.3638787841,       2.567507424,      -9.977168481,       0.285047601,      0.1524925648,                 0,                 0,                 0,     0.04993963527,      0.2901958715,      0.1424516526,                 0,      0.5349722791,     0.00125423269
          0,           0,          39,      -2.903047183,     -0.3070153455,     -0.3276064635,       2.569070752,      -9.953629206,      0.2750993072,     0.07489520348,                 0,                 0,                 0,     0.02135362523,       0.277545529,     0.06524875198,                 0,      0.2722478811,     0.00125423269
          0,           0,          40,      -2.899193097,     -0.2869043558,     -0.3024325434,       2.571086371,      -9.931420546,      0.2621618531,   -0.004888516025,                 0,                 0,                 0,   -0.007233102163,      0.2618315444,     -0.0140348548,                 0,    -0.01864693878,     0.00125423269
          0,           0,          41,      -2.892267247,     -0.2817605744,     -0.2910328077,       2.575670251,      -9.911145113,      0.2469738279,    -0.08497704092,                 0,                 0,                 0,    -0.03512715684,      0.2438577221,     -0.0935445375,                 0,     -0.3440730609,     0.00125423269
          0,           0,          42,      -2.881664456,     -0.2928907371,     -0.2950519742,       2.583889713,      -9.893283048,      0.2301951885,     -0.1635200746,                 0,                 0,                 0,    -0.06164283942,      0.2243481915,     -0.1714541588,                 0,     -0.7103540071,     0.00125423269
          0,           0,          43,      -2.868628133,     -0.3208324616,     -0.3155162679,       2.595037963,      -9.878159849,      0.2124029264,     -0.2387387747,                 0,                 0,                 0,    -0.08611754901,      0.2039416732,     -0.2460060967,                 0,      -1.123990044,     0.00125423269
          0,           0,          44,      -2.855803813,     -0.3648904684,     -0.3527762711,       2.606817907,      -9.866197515,      0.1940953571,     -0.3089815005,                 0,                 0,                 0,     -0.1079384288,      0.1831938206,     -0.3155671076,                 0,      -1.591905675,     0.00125423269
          0,           0,          45,      -2.846191922,     -0.4214059386,      -0.405602223,       2.616290049,      -9.857555012,      0.1756986415,     -0.3728045764,                 0,                 0,                 0,     -0.1265840853,      0.1625809186,     -0.3787092681,                 0,      -2.121840973,     0.00125423269
          0,           0,          46,      -2.842216045,     -0.4800554841,     -0.4684915218,       2.620878489,      -9.851940857,      0.1575749233,     -0.4290286076,                 0,                 0,                 0,      -0.141649856,      0.1425060504,     -0.4342665404,                 0,      -2.722695963,     0.00125423269
          0,           0,          47,      -2.845215228,     -0.5209682007,     -0.5265629957,       2.618981743,      -9.848546989,      0.1400286364,     -0.4767493732,                 0,                 0,                 0,     -0.1528518195,      0.1233050216,     -0.4813458793,                 0,      -3.404656257,     0.00125423269
          0,           0,          48,       -2.85523241,       -0.52509595,      -0.554906505,       2.610222757,      -9.846128594,      0.1233151647,      -0.515318311,                 0,                 0,                 0,     -0.1600215026,      0.1052556947,     -0.5193080302,                 0,       -4.17887218,     0.00125423269
          0,           0,          49,       -2.87090566,     -0.4956137555,     -0.5391896349,       2.595535156,      -9.843101944,      0.1076485098,     -0.5443131236,                 0,                 0,                 0,     -0.1631013708,     0.08858667914,     -0.5477384215,                 0,      -5.056392557,     0.00125423269
          0,           0,          50,      -2.889459289,      -0.452788081,     -0.4944104891,       2.577154096,      -9.837845175,      0.0932078776,     -0.5635122274,                 0,                 0,                 0,     -0.1621405202,     0.07348480476,      -0.566421859,                 0,      -6.045757525,     0.00125423269
          0,           0,          51,      -2.907063718,     -0.4125132749,     -0.4439922764,       2.558353348,      -9.829650223,     0.08014301023,     -0.5728750685,                 0,                 0,                 0,     -0.1572880837,     0.06010113772,     -0.5753230392,                 0,      -7.148160105,     0.00125423269
          0,           0,          52,      -2.919921617,     -0.3811918477,     -0.4007810371,       2.542650436,      -9.818975564,     0.06857743639,     -0.5725313234,                 0,                 0,                 0,     -0.1487852914,     0.04855460583,     -0.5745758708,                 0,      -8.348683672,     0.00125423269
          0,           0,          53,      -2.925897717,     -0.3597443341,      -0.368619541,       2.532501929,      -9.806818664,     0.05860955724,     -0.5627771015,                 0,                 0,                 0,      -0.136956073,     0.03893321628,      -0.564479717,                 0,      -9.602138765,     0.00125423269
          0,           0,          54,      -2.925556375,     -0.3469336716,     -0.3474290044,       2.528227494,      -9.794288531,     0.05031189168,     -0.5440731997,                 0,                 0,                 0,      -0.122196101,     0.03129336219,     -0.5454976247,                 0,      -10.81400801,     0.00125423269
          0,           0,          55,      -2.921618235,     -0.3410219742,     -0.3359048817,       2.528083247,      -9.782349012,     0.04372936369,     -0.5170409865,                 0,                 0,                 0,     -0.1049606778,     0.02565825474,     -0.5182521519,                 0,      -11.82365676,     0.00125423269
          0,           0,          56,      -2.917392232,     -0.3405831252,     -0.3326322109,       2.529406702,      -9.771694005,     0.03887777731,     -0.4824571243,                 0,                 0,                 0,    -0.08575190087,      0.0220165832,     -0.4835200393,                 0,      -12.40958608,     0.00125423269
          0,           0,          57,      -2.915485463,     -0.3449098206,     -0.3365539858,       2.529851192,      -9.762473145,     0.03574237944,     -0.4412443149,                 0,                 0,                 0,    -0.06510569547,     0.02032140163,     -0.4422229119,                 0,      -12.34512984,     0.00125423269
          0,           0,          58,      -2.917322587,     -0.3541330148,     -0.3471729015,       2.528020449,      -9.754376671,     0.03427631209,     -0.3944611729,                 0,                 0,                 0,    -0.04358066026,     0.02048893548,     -0.3954171039,                 0,      -11.50827347,     0.00125423269
          0,           0,          59,      -2.923225395,     -0.3691114134,     -0.3646075887,       2.523516349,      -9.746822303,     0.03439809254,     -0.3432928153,                 0,                 0,                 0,    -0.02175149776,     0.02239639167,     -0.3442841667,                 0,      -9.979995691,     0.00125423269
          0,           0,          60,      -2.932700685,     -0.3911947817,     -0.3895512843,       2.516677905,       -9.73912815,     0.03599259302,     -0.2890050708,                 0,                 0,                 0,  -0.0001806675386,     0.02588453579,     -0.2900851401,                 0,      -8.029570713,     0.00125423269
          0,           0,          61,      -2.944764191,     -0.4219780968,     -0.4231759094,       2.508219377,      -9.730694992,     0.03891591271,     -0.2329000055,                 0,                 0,                 0,     0.02060579035,     0.03076411322,     -0.2341162749,                 0,      -5.984698528,     0.00125423269
          0,           0,          62,      -2.958255481,     -0.4630879076,     -0.4670079168,        2.49887784,      -9.721129889,     0.04300267026,     -0.1762656326,                 0,                 0,                 0,     0.04013525731,     0.03682489233,     -0.1776590279,                 0,      -4.098946218,     0.00125423269
          0,           0,          63,      -2.972122547,     -0.5158922395,     -0.5227246359,       2.489147934,       -9.71032123,     0.04806912058,     -0.1203437917,                 0,                 0,                 0,     0.05799164248,     0.04383990041,     -0.1219480697,                 0,      -2.503557175,     0.00125423269
          0,           0,          64,      -2.985630416,     -0.5807387863,     -0.5915797539,       2.479166937,      -9.698389278,     0.05391648132,    -0.06630241907,                 0,                 0,                 0,     0.07381928481,      0.0515697158,    -0.06814368749,                 0,      -1.229724519,     0.00125423269
          0,           0,          65,      -2.998439568,     -0.6546714425,     -0.6724485152,       2.468767564,      -9.685563888,     0.06033225901,    -0.01521992626,                 0,                 0,                 0,     0.08732662042,     0.05976433846,    -0.01731622016,                 0,     -0.2522684631,     0.00125423269
          0,           0,          66,      -3.010538313,     -0.7258165329,      -0.755846771,       2.457651117,      -9.672124549,     0.06709335496,     0.03192764224,                 0,                 0,                 0,     0.09828981236,     0.06816674214,     0.02956666846,                 0,      0.4758689182,     0.00125423269
          0,           0,          67,      -3.022076245,     -0.7675655725,     -0.8132121031,       2.445595815,       -9.65835329,     0.07397076082,     0.07427781983,                 0,                 0,                 0,      0.1065555413,     0.07651795836,     0.07165102946,                 0,       1.004151086,     0.00125423269
          0,           0,          68,      -3.033183055,     -0.7551744915,     -0.8078924941,       2.432624372,      -9.644488893,     0.08073575702,       0.111092124,                 0,                 0,                 0,      0.1120424168,     0.08456363419,      0.1082068124,                 0,       1.375996561,     0.00125423269
          0,           0,          69,      -3.043845331,     -0.6995600966,     -0.7466240583,       2.419088236,      -9.630724033,     0.08716756641,      0.1417655253,                 0,                 0,                 0,       0.114740305,     0.09206201177,      0.1386370614,                 0,       1.626356352,     0.00125423269
          0,           0,          70,      -3.053874176,     -0.6306965974,     -0.6682252907,        2.40565315,      -9.617169567,     0.09306145499,      0.1658339928,                 0,                 0,                 0,      0.1147073917,     0.09879228735,      0.1624851733,                 0,       1.781983667,     0.00125423269
          0,           0,          71,      -3.062958201,      -0.566806705,     -0.5960759238,       2.393185902,      -9.603887751,     0.09823664043,      0.1829788799,                 0,                 0,                 0,      0.1120652615,      0.1045626681,      0.1794390048,                 0,       1.862633729,     0.00125423269
          0,           0,          72,      -3.070770415,     -0.5139458749,     -0.5369462862,        2.38256063,      -9.590908992,      0.1025433105,      0.1930276772,                 0,                 0,                 0,      0.1069923751,      0.1092174127,      0.1893313801,                 0,       1.882401458,     0.00125423269
          0,           0,          73,      -3.077084067,     -0.4730396105,     -0.4913602614,       2.374434988,      -9.578201815,      0.1058683511,       0.195952397,                 0,                 0,                 0,     0.09971651162,       0.112642499,      0.1921382759,                 0,       1.850906291,     0.00125423269
          0,           0,          74,      -3.081853603,     -0.4434902542,     -0.4582869757,       2.369075682,      -9.565741741,      0.1081394528,      0.1918668119,                 0,                 0,                 0,     0.09050718262,      0.1147696324,      0.1879759194,                 0,       1.774253585,     0.00125423269
          0,           0,          75,      -3.085235017,     -0.4244487783,     -0.4365760413,       2.366304531,      -9.553490771,      0.1093276858,      0.1810258652,                 0,                 0,                 0,     0.07966989673,       0.115578798,      0.1771001079,                 0,       1.655809906,     0.00125423269
          0,           0,          76,      -3.087548175,     -0.4152039982,     -0.4253278906,       2.365579478,      -9.541413363,      0.1094470442,      0.1638200509,                 0,                 0,                 0,     0.06753643445,      0.1150976093,      0.1599006093,                 0,       1.496797397,     0.00125423269
          0,           0,          77,      -3.089207981,     -0.4152829041,     -0.4239634122,       2.366156763,      -9.529479472,      0.1085482629,      0.1407597462,                 0,                 0,                 0,     0.05444889911,      0.1133945825,      0.1368857194,                 0,       1.296748031,     0.00125423269
          0,           0,          78,      -3.090656657,     -0.4244635416,     -0.4322222731,       2.367254846,      -9.517670753,      0.1067122378,      0.1124456417,                 0,                 0,                 0,     0.04074457744,      0.1105715279,      0.1086529395,                 0,       1.053727707,     0.00125423269
          0,           0,          79,      -3.092317506,      -0.442764614,     -0.4501572683,       2.368166269,      -9.505985334,      0.1040436095,      0.0795467579,                 0,                 0,                 0,     0.02674682313,      0.1067563707,     0.07586723056,                 0,      0.7645520789,     0.00125423269
          0,           0,          80,      -3.094575096,      -0.470425741,      -0.478143622,       2.368304827,      -9.494422819,      0.1006646485,     0.04278666664,                 0,                 0,                 0,     0.01276090296,      0.1020965594,     0.03924745659,                 0,      0.4250416338,     0.00125423269
          0,           0,          81,      -3.097772821,     -0.5078653084,     -0.5169059019,       2.367206256,      -9.482996617,     0.09670808895,    0.002938053304,                 0,                 0,                 0,  -0.0009282954724,     0.09675171358,  -0.0004388001102,                 0,     0.03038063657,     0.00125423269
          0,           0,          82,      -3.102214489,     -0.5555635434,     -0.5675472202,       2.364508935,      -9.471731303,     0.09231109068,    -0.03918298005,                 0,                 0,                 0,    -0.01405798337,     0.09088739098,    -0.04238072144,                 0,     -0.4244666568,     0.00125423269
          0,           0,          83,      -3.108158685,     -0.6137226532,     -0.6315086551,       2.359935935,      -9.460636848,     0.08760980301,     -0.0827247677,                 0,                 0,                 0,    -0.02638923454,     0.08466938073,    -0.08573191204,                 0,     -0.9442409966,     0.00125423269
          0,           0,          84,      -3.115799524,     -0.6813153577,     -0.7101739058,       2.353290817,      -9.449738344,     0.08273491259,      -0.126810571,                 0,                 0,                 0,    -0.03770927465,     0.07825888761,     -0.1296207282,                 0,      -1.532733486,     0.00125423269
          0,           0,          85,      -3.125232053,     -0.7536728958,     -0.8030491907,       2.344472072,      -9.439039493,     0.07780795915,     -0.1705555822,                 0,                 0,                 0,    -0.04783345596,     0.07180825666,     -0.1731671429,                 0,      -2.192006885,     0.00125423269
          0,           0,          86,      -3.136405166,     -0.8179651879,     -0.9011101821,       2.333505378,      -9.428554478,     0.07293886634,     -0.2130862431,                 0,                 0,                 0,    -0.05660718553,     0.06545783132,     -0.2155019664,                 0,       -2.92143618,     0.00125423269
          0,           0,          87,       -3.14906881,     -0.8517491228,     -0.9718738467,       2.320588939,      -9.418274851,     0.06822455828,     -0.2535593377,                 0,                 0,                 0,     -0.0639076279,     0.05933390446,      -0.255785879,                 0,      -3.716540555,     0.00125423269
          0,           0,          88,       -3.16272779,     -0.8395133238,     -0.9687734076,       2.306142916,      -9.408200416,      0.0637484465,     -0.2911797098,                 0,                 0,                 0,    -0.06964506643,     0.05354758735,     -0.2932271197,                 0,      -4.567636166,     0.00125423269
          0,           0,          89,      -3.176622487,     -0.7925311523,     -0.9010223648,       2.290847441,      -9.398320257,     0.05958074887,     -0.3252165034,                 0,                 0,                 0,    -0.07376355346,      0.0481945616,     -0.3270977285,                 0,      -5.458415841,     0.00125423269
          0,           0,          90,      -3.189765368,     -0.7337450472,     -0.8168222712,        2.27564427,      -9.388621127,     0.05577893163,     -0.3550183892,                 0,                 0,                 0,     -0.0762411089,     0.04335498951,     -0.3567487782,                 0,      -6.364739854,     0.00125423269
          0,           0,          91,      -3.201062285,     -0.6777656172,     -0.7413015926,       2.261669242,         -9.379095,     0.05238813983,     -0.3800319284,                 0,                 0,                 0,     -0.0770905437,     0.03909330335,      -0.381628743,                 0,      -7.254159619,     0.00125423269
          0,           0,          92,      -3.209523864,     -0.6301976594,     -0.6801224846,        2.25008971,       -9.36973008,     0.04944249244,      -0.399817564,                 0,                 0,                 0,    -0.07635901287,     0.03545894165,     -0.4012995241,                 0,       -8.08651717,     0.00125423269
          0,           0,          93,      -3.214519144,     -0.5923271924,     -0.6328513246,       2.241858595,      -9.360517566,     0.04696666903,      -0.414058191,                 0,                 0,                 0,    -0.07412510613,     0.03248763573,      -0.415445071,                 0,      -8.816000784,     0.00125423269
          0,           0,          94,      -3.215970081,     -0.5639058992,      -0.597886922,       2.237459556,      -9.351450728,     0.04497705478,     -0.4225595024,                 0,                 0,                 0,    -0.07049373043,     0.03020254201,     -0.4238717671,                 0,      -9.395001618,     0.00125423269
          0,           0,          95,       -3.21438844,     -0.5442802542,     -0.5737297117,       2.236759061,      -9.342520467,     0.04348238675,     -0.4252477265,                 0,                 0,                 0,    -0.06559091495,     0.02861496683,     -0.4265061905,                 0,      -9.779769655,     0.00125423269
          0,           0,          96,      -3.210736364,      -0.532791815,     -0.5592317827,       2.239044453,      -9.333721769,     0.04248361428,     -0.4221676006,                 0,                 0,                 0,    -0.05955948428,     0.02772429763,     -0.4233930843,                 0,      -9.937186555,     0.00125423269
          0,           0,          97,      -3.206187327,     -0.5289038208,      -0.553600542,       2.243224122,      -9.325046093,      0.0419735012,     -0.4134805476,                 0,                 0,                 0,     -0.0525556222,     0.02751766907,     -0.4146935205,                 0,      -9.850990166,     0.00125423269
          0,           0,          98,      -3.201895707,      -0.532229188,     -0.5563582311,       2.248084201,      -9.316490832,     0.04193640901,     -0.3994620836,                 0,                 0,                 0,    -0.04474587139,     0.02796983681,     -0.4006823017,                 0,      -9.525424162,     0.00125423269
          0,           0,          99,      -3.198842685,     -0.5425215425,     -0.5673070453,       2.252498503,      -9.308045516,     0.04234839462,     -0.3804980833,                 0,                 0,                 0,    -0.03630436572,     0.02904340552,     -0.3817442318,                 0,       -8.98494705,     0.00125423269
          0,           0,         100,      -3.197768072,     -0.5596470914,     -0.5865098649,       2.255546885,      -9.299707864,     0.04317757142,      -0.357077902,                 0,                 0,                 0,    -0.02740988327,     0.03068942975,     -0.3583672553,                 0,      -8.269985787,     0.00125423269
          0,           0,         101,      -3.199163738,     -0.5835329096,      -0.614283739,       2.256550991,      -9.291470749,     0.04438482553,     -0.3297825884,                 0,                 0,                 0,       -0.01824294,     0.03284854114,     -0.3311307018,                 0,      -7.430075131,     0.00125423269
          0,           0,         102,      -3.203296814,      -0.614072039,     -0.6511968472,       2.255060816,      -9.283335824,     0.04592467637,     -0.2992705476,                 0,                 0,                 0,   -0.008982995223,     0.03545230881,     -0.3006909881,                 0,      -6.516552128,     0.00125423269
          0,           0,         103,      -3.210240196,     -0.6509420168,     -0.6980410567,       2.250822128,      -9.275299591,     0.04774641456,     -0.2662616135,                 0,                 0,                 0,   0.0001941755767,     0.03842493244,     -0.2677657399,                 0,      -5.576578177,     0.00125423269
          0,           0,         104,      -3.219897803,     -0.6932582021,     -0.7556962585,       2.243744462,      -9.267365954,      0.0497950893,     -0.2315210147,                 0,                 0,                 0,    0.009118929463,     0.04168478859,     -0.2331178019,                 0,      -4.649474837,     0.00125423269
          0,           0,         105,      -3.232019776,     -0.7389543319,     -0.8246316374,       2.233879764,      -9.259535702,     0.05201263493,     -0.1958426267,                 0,                 0,                 0,     0.01763015444,     0.04514614113,     -0.1975385394,                 0,      -3.765289471,     0.00125423269
          0,           0,         106,       -3.24620789,     -0.7838732177,     -0.9033034126,       2.221415599,       -9.25181741,     0.05433908548,     -0.1600293907,                 0,                 0,                 0,     0.02557834214,     0.04872103838,     -0.1618283118,                 0,      -2.945014427,     0.00125423269
          0,           0,         107,      -3.261915451,     -0.8210948499,     -0.9837663838,       2.206682814,      -9.244218475,     0.05671357822,     -0.1248728407,                 0,                 0,                 0,     0.03282860438,     0.05232103055,     -0.1267760469,                 0,       -2.20181559,     0.00125423269
          0,           0,         108,       -3.27845021,     -0.8421934144,      -1.044305059,       2.190173923,      -9.236750229,     0.05907529386,    -0.09113443099,                 0,                 0,                 0,     0.03926285155,     0.05585876101,    -0.09314061239,                 0,      -1.542682652,     0.00125423269
          0,           0,         109,      -3.294993287,     -0.8418107216,      -1.054906673,       2.172563338,      -9.229417629,     0.06136425101,    -0.05953040251,                 0,                 0,                 0,     0.04478076073,     0.05924928848,    -0.06163571967,                 0,     -0.9701153608,     0.00125423269
          0,           0,         110,      -3.310649617,     -0.8219817454,       -1.01284701,       2.154713312,      -9.222236749,     0.06352222853,    -0.03071920975,                 0,                 0,                 0,     0.04930012402,     0.06241144754,    -0.03291739024,                 0,     -0.4835977966,     0.00125423269
          0,           0,         111,      -3.324541408,     -0.7904537809,     -0.9470355425,       2.137641668,      -9.215215835,     0.06549383514,   -0.005290161926,                 0,                 0,                 0,      0.0527571773,     0.06526931407,   -0.007572641185,                 0,    -0.08077343333,     0.00125423269
          0,           0,         112,       -3.33594072,     -0.7553974031,     -0.8815024738,       2.122426042,      -9.208370041,     0.06722765198,     0.01624721052,                 0,                 0,                 0,     0.05510714061,     0.06775371818,     0.01389110194,                 0,      0.2416745199,     0.00125423269
          0,           0,         113,      -3.344412193,     -0.7224510503,     -0.8258136216,       2.110035301,      -9.201706721,     0.06867741748,     0.03347322085,                 0,                 0,                 0,     0.05632490756,     0.06980377961,     0.03105602256,                 0,      0.4873977805,     0.00125423269
          0,           0,         114,      -3.349916489,     -0.6946982355,     -0.7822259981,       2.101118231,       -9.19523864,     0.06980316732,     0.04606718478,                 0,                 0,                 0,     0.05640563447,     0.07136836668,     0.04360302648,                 0,      0.6599583736,     0.00125423269
          0,           0,         115,      -3.352829853,     -0.6735783904,     -0.7506023275,       2.095824576,      -9.188971498,     0.07057237445,     0.05381480702,                 0,                 0,                 0,     0.05536508669,     0.07240749334,     0.05131908414,                 0,      0.7625477737,     0.00125423269
          0,           0,         116,      -3.353869947,     -0.6596538729,     -0.7302718013,        2.09374303,      -9.182914687,     0.07096099075,     0.05661270545,                 0,                 0,                 0,     0.05323964482,     0.07289351816,     0.05410171565,                 0,      0.7978003809,     0.00125423269
          0,           0,         117,      -3.353959799,     -0.6530610666,     -0.7206219858,         2.0939899,      -9.177072529,      0.0709543838,     0.05446885732,                 0,                 0,                 0,     0.05008577429,     0.07281209602,     0.05195940408,                 0,       0.767660212,     0.00125423269
          0,           0,         118,      -3.354081872,        -0.6537338,     -0.7212685986,       2.095402809,      -9.171453606,     0.07054803829,     0.04750019686,                 0,                 0,                 0,     0.04597913371,      0.0721627953,        0.04500917,                 0,       0.673302873,     0.00125423269
          0,           0,         119,      -3.355162365,     -0.6614902413,     -0.7320993565,       2.096752674,       -9.16605835,     0.06974789101,     0.03592831133,                 0,                 0,                 0,     0.04101341516,     0.07095928247,     0.03347225848,                 0,      0.5151168129,     0.00125423269
          0,           0,         120,       -3.35800031,     -0.6760330171,     -0.7532886912,       2.096905519,      -9.160893745,     0.06857026378,     0.02007351643,                 0,                 0,                 0,     0.03529872414,     0.06922904825,     0.01766822049,                 0,      0.2927437539,     0.00125423269
          0,           0,         121,      -3.363235469,     -0.6968782504,     -0.7853114885,       2.094911804,      -9.155961351,     0.06704151427,    0.000346785894,                 0,                 0,                 0,     0.02895936238,     0.06701277704,   -0.001993140465,                 0,    0.005172703776,     0.00125423269
          0,           0,         122,      -3.371339731,     -0.7232075825,     -0.8289519822,       2.090037027,       -9.15126484,     0.06519742607,    -0.02276066368,                 0,                 0,                 0,     0.02213107955,     0.06436337386,    -0.02502215585,                 0,     -0.3491037154,     0.00125423269
          0,           0,         123,      -3.382616352,     -0.7536318605,     -0.8852603348,       2.081760395,      -9.146810031,       0.063082336,    -0.04868973322,                 0,                 0,                 0,     0.01495802102,     0.06134466076,    -0.05086161453,                 0,     -0.7718441692,     0.00125423269
          0,           0,         124,      -3.397194953,      -0.785888712,     -0.9552829004,       2.069765793,      -9.142598021,       0.060747941,    -0.07682706007,                 0,                 0,                 0,    0.007589671375,     0.05802970926,    -0.07890033167,                 0,      -1.264685828,     0.00125423269
          0,           0,         125,      -3.415014269,       -0.81661674,      -1.038979031,       2.053941977,      -9.138637255,     0.05825187193,     -0.1065194872,                 0,                 0,                 0,   0.0001778929413,     0.05449890997,     -0.1084875594,                 0,       -1.82860196,     0.00125423269
          0,           0,         126,      -3.435788345,     -0.8415709219,      -1.131558041,       2.034402792,      -9.134931171,     0.05565607456,     -0.1370891894,                 0,                 0,                 0,   -0.007125972121,     0.05083782667,     -0.1389480474,                 0,      -2.463148731,     0.00125423269
          0,           0,         127,       -3.45895704,     -0.8567234142,       -1.21432912,       2.011533354,      -9.131487711,     0.05302506217,     -0.1678491958,                 0,                 0,                 0,    -0.01417398574,     0.04713490828,     -0.1695974946,                 0,        -3.1654691,     0.00125423269
          0,           0,         128,       -3.48363207,     -0.8600564464,      -1.249892175,       1.986060838,       -9.12831239,     0.05042409601,      -0.198119102,                 0,                 0,                 0,    -0.02082449324,     0.04347912207,     -0.1997581887,                 0,      -3.929056099,     0.00125423269
          0,           0,         129,      -3.508568287,     -0.8526968023,      -1.220249056,       1.959132645,      -9.125411058,     0.04791731795,     -0.2272405639,                 0,                 0,                 0,    -0.02694495895,      0.0399575467,     -0.2287744254,                 0,       -4.74234731,     0.00125423269
          0,           0,         130,      -3.532213867,     -0.8382312747,      -1.156352863,       1.932354594,        -9.1227896,     0.04556588348,     -0.2545922809,                 0,                 0,                 0,    -0.03241469946,     0.03665298351,     -0.2560274166,                 0,      -5.587344335,     0.00149345941
          0,           0,         131,      -3.552902886,     -0.8209174646,      -1.091203617,       1.907702626,      -9.120449939,     0.04342617033,     -0.2796042686,                 0,                 0,                 0,    -0.03712740572,     0.03364166803,     -0.2809494927,                 0,      -6.438612166,     0.00149345941
          0,           0,         132,      -3.569210628,     -0.8043076659,      -1.037931732,       1.887212131,      -9.118401511,     0.04154810202,     -0.3017706083,                 0,                 0,                 0,    -0.04099333556,     0.03099114969,     -0.3030367856,                 0,      -7.263162302,     0.00149345941
          0,           0,         133,      -3.580375411,     -0.7908062138,     -0.9993251537,       1.872442629,      -9.116647696,     0.03997360144,     -0.3206600812,                 0,                 0,                 0,    -0.04394109393,     0.02875837516,     -0.3218598023,                 0,      -8.021796127,     0.00149345941
          0,           0,         134,      -3.586576012,     -0.7817979123,     -0.9750879022,        1.86392454,      -9.115189032,     0.03873521191,      -0.335924453,                 0,                 0,                 0,    -0.04591903058,     0.02698802113,     -0.3370716563,                 0,      -8.672327745,     0.00149345941
          0,           0,         135,      -3.588889041,     -0.7779224204,     -0.9643825762,        1.86093054,      -9.114030169,     0.03785495872,       -0.34730453,                 0,                 0,                 0,    -0.04689625961,      0.0257111452,     -0.3484140804,                 0,      -9.174611245,     0.00149345941
          0,           0,         136,      -3.588953869,     -0.7792949311,     -0.9665507969,       1.861739479,      -9.113170901,     0.03734354648,     -0.3546341074,                 0,                 0,                 0,    -0.04686326378,     0.02494424594,     -0.3557213449,                 0,      -9.496529946,     0.00149345941
          0,           0,         137,      -3.588547398,     -0.7856282064,     -0.9812827636,       1.864201396,       -9.11260916,     0.03719992441,     -0.3578415316,                 0,                 0,                 0,     -0.0458319309,     0.02468877387,     -0.3589218029,                 0,      -9.619415559,     0.00149345941
          0,           0,         138,      -3.589259026,     -0.7962692298,      -1.008624509,       1.866263409,       -9.11234639,       0.037411258,     -0.3569493185,                 0,                 0,                 0,    -0.04383516137,     0.02493111651,     -0.3580375087,                 0,      -9.541227362,     0.00149345941
          0,           0,         139,      -3.592328505,      -0.810180925,      -1.048901569,       1.866266968,      -9.112383222,     0.03795329465,     -0.3520713333,                 0,                 0,                 0,    -0.04092605028,     0.02564306219,     -0.3531814119,                 0,      -9.276436646,     0.00149345941
          0,           0,         140,      -3.598606517,     -0.8259140965,      -1.102476883,       1.863032715,      -9.112713195,     0.03879117071,     -0.3434079515,                 0,                 0,                 0,    -0.03717667661,      0.0267827755,      -0.344552549,                 0,      -8.852734919,     0.00149345941
          0,           0,         141,      -3.608570934,      -0.841638468,      -1.169014327,        1.85583337,      -9.113339141,     0.03988061795,     -0.3312396497,                 0,                 0,                 0,     -0.0326765342,     0.02829622669,      -0.332429681,                 0,       -8.30578027,     0.00149345941
          0,           0,         142,      -3.622347701,     -0.8553210592,      -1.245354161,        1.84434188,      -9.114258696,     0.04116950697,      -0.315919252,                 0,                 0,                 0,    -0.02753059394,     0.03011900473,     -0.3171635976,                 0,      -7.673622427,     0.00149345941
          0,           0,         143,      -3.639709073,     -0.8651064664,      -1.320471481,         1.8286039,      -9.115470037,     0.04259964344,     -0.2978628792,                 0,                 0,                 0,    -0.02185701329,     0.03217842832,     -0.2991681353,                 0,      -6.992144889,     0.00149345941
          0,           0,         144,      -3.660042143,     -0.8698206515,      -1.370056184,       1.809053961,      -9.116973267,     0.04410880286,     -0.2775396402,                 0,                 0,                 0,     -0.0157845294,     0.03439593922,     -0.2789099456,                 0,      -6.292159891,    0.001809141953
          0,           0,         145,      -3.682300721,     -0.8693512839,      -1.369914749,        1.78657358,       -9.11876771,     0.04563293523,     -0.2554602055,                 0,                 0,                 0,   -0.009449569983,     0.03668970428,     -0.2568971526,                 0,      -5.598154146,    0.001809141953
          0,           0,         146,      -3.704981402,      -0.864653853,      -1.327347413,       1.762564029,      -9.120858792,     0.04710845106,     -0.2321644494,                 0,                 0,                 0,   -0.002993121366,     0.03897733143,     -0.2336670824,                 0,      -4.928297242,    0.001809141953
          0,           0,         147,      -3.726198948,     -0.8573756937,      -1.270397365,       1.738964785,      -9.123249497,     0.04847450006,     -0.2082084838,                 0,                 0,                 0,     0.00344254045,     0.04117859941,     -0.2097733845,                 0,      -4.295216734,    0.001809141953
          0,           0,         148,      -3.743948631,     -0.8493413373,      -1.218076633,       1.718100202,      -9.125942917,     0.04967517727,     -0.1841515021,                 0,                 0,                 0,    0.009717132328,     0.04321812175,     -0.1857729607,                 0,      -3.707113134,    0.001809141953
          0,           0,         149,      -3.756573996,     -0.8421522073,      -1.177510331,       1.702243725,      -9.128937298,      0.0506615454,     -0.1605429403,                 0,                 0,                 0,      0.0156955493,     0.04502781594,     -0.1622132043,                 0,      -3.168930971,    0.001809141953
          0,           0,         150,      -3.763285323,      -0.836988906,      -1.150345477,       1.692948697,      -9.132246993,     0.05139341729,     -0.1379103937,                 0,                 0,                 0,     0.02125084378,     0.04654910648,     -0.1396199868,                 0,      -2.683425251,     0.00241991282
          0,           0,         151,      -3.764432161,      -0.834568368,       -1.13646776,       1.690471428,      -9.135883105,     0.05184079188,     -0.1167482156,                 0,                 0,                 0,     0.02626693563,      0.0477347579,     -0.1184863133,                 0,      -2.252053092,     0.00241991282
          0,           0,         152,        -3.7613379,     -0.8351738447,      -1.135378316,       1.693692095,      -9.139852076,     0.05198494018,    -0.09750718716,                 0,                 0,                 0,     0.03064103522,      0.0485503206,    -0.09926203666,                 0,      -1.875681434,     0.00241991282
          0,           0,         153,      -3.755811049,     -0.8386999856,      -1.146590181,       1.700598409,      -9.144159343,     0.05181907821,    -0.08058512067,                 0,                 0,                 0,     0.03428575806,     0.04897513127,    -0.08234449015,                 0,       -1.55512455,     0.00241991282
          0,           0,         154,      -3.749631634,     -0.8446901254,      -1.169616469,       1.708979544,      -9.148810205,     0.05134856584,    -0.06631879677,                 0,                 0,                 0,     0.03713090351,     0.04900279305,    -0.06807043626,                 0,      -1.291541364,     0.00241991282
          0,           0,         155,      -3.744220601,     -0.8523699892,      -1.203658757,       1.716947413,      -9.153808017,     0.05059063561,    -0.05497759752,                 0,                 0,                 0,     0.03912484916,     0.04864112668,    -0.05670969437,                 0,        -1.0867149,     0.00241991282
          0,           0,         156,       -3.74051497,     -0.8607004705,       -1.24683539,       1.723164667,      -9.159154889,     0.04957365599,    -0.04675879341,                 0,                 0,                 0,     0.04023551083,      0.0479115987,    -0.04846040486,                 0,     -0.9432185801,     0.00241991282
          0,           0,         157,      -3.738973026,     -0.8684808922,      -1.294615019,       1.726863197,      -9.164857192,     0.04833594363,    -0.04178453623,                 0,                 0,                 0,     0.04045089039,     0.04684823939,    -0.04344598232,                 0,     -0.8644609599,     0.00241991282
          0,           0,         158,      -3.739632337,     -0.8745252059,       -1.33757025,        1.72777442,      -9.170919006,     0.04692420075,    -0.04010070355,                 0,                 0,                 0,     0.03977917247,     0.04549612143,    -0.04171390627,                 0,     -0.8545846899,     0.00241991282
          0,           0,         159,      -3.742178877,     -0.8778970961,      -1.361339001,       1.726046565,      -9.177342586,     0.04539162244,    -0.04167747805,                 0,                 0,                 0,     0.03824837749,     0.04390944808,    -0.04323623403,                 0,     -0.9181755532,     0.00241991282
          0,           0,         160,      -3.746018364,     -0.8781355997,      -1.354745666,       1.722174183,      -9.184130414,     0.04379577338,     -0.0464115754,                 0,                 0,                 0,     0.03590553757,     0.04214935355,    -0.04791175317,                 0,      -1.059727271,     0.00241991282
          0,           0,         161,      -3.750359711,     -0.8753731399,      -1.320875281,       1.716933418,       -9.19128369,     0.04219633294,    -0.05413013094,                 0,                 0,                 0,     0.03281538816,     0.04028151375,    -0.05556978711,                 0,      -1.282815998,     0.00241991282
          0,           0,         162,      -3.754324997,     -0.8702857014,       -1.27351974,       1.711301129,      -9.198802848,     0.04065278408,    -0.06459618787,                 0,                 0,                 0,     0.02905861626,     0.03837364506,    -0.06597559932,                 0,      -1.588973285,     0.00241991282
          0,           0,         163,      -3.757090286,     -0.8639029975,      -1.225218264,        1.70633473,      -9.206688944,     0.03922213072,    -0.07751567828,                 0,                 0,                 0,     0.02472974801,      0.0364929795,    -0.07883729044,                 0,       -1.97632502,     0.00241991282
          0,           0,         164,      -3.758039232,     -0.8573713693,      -1.182907243,       1.703005425,      -9.214941276,     0.03795670098,    -0.09254561211,                 0,                 0,                 0,     0.01993478029,      0.0347037835,    -0.09381390558,                 0,      -2.438189034,     0.00241991282
          0,           0,         165,      -3.756888267,     -0.8517572112,      -1.149488528,       1.702010257,      -9.223556704,      0.0369021368,     -0.1093031718,                 0,                 0,                 0,     0.01478862993,     0.03306503134,     -0.1105244532,                 0,      -2.961974054,     0.00241991282
          0,           0,         166,      -3.753737823,     -0.8479283029,      -1.125902574,       1.703621809,      -9.232534723,     0.03609561895,     -0.1273754634,                 0,                 0,                 0,     0.00941244425,     0.03162829091,     -0.1285575887,                 0,      -3.528834443,     0.00241991282
          0,           0,         167,      -3.749029368,     -0.8465041124,      -1.112320494,       1.707638456,      -9.241873149,     0.03556444242,     -0.1463297621,                 0,                 0,                 0,    0.003930797565,     0.03043594247,     -0.1474818031,                 0,      -4.114496171,     0.00241991282
          0,           0,         168,      -3.743428585,       -0.84784661,      -1.108691918,       1.713457794,      -9.251581217,     0.03532498278,       -0.16572396,                 0,                 0,                 0,     -0.0015311809,     0.02951978096,     -0.1668558296,                 0,      -4.691409506,     0.00241991282
          0,           0,         169,       -3.73768166,     -0.8520647959,       -1.11496819,       1.720237412,      -9.261652222,     0.03538210585,     -0.1851169821,                 0,                 0,                 0,   -0.006850684692,     0.02890006253,     -0.1862390315,                 0,      -5.231937942,     0.00241991282
          0,           0,         170,      -3.732489142,      -0.859015982,       -1.13116518,       1.727075419,       -9.27207541,     0.03572904908,     -0.2040790779,                 0,                 0,                 0,    -0.01191001714,     0.02858502681,     -0.2052016842,                 0,      -5.711853047,     0.00241991282
          0,           0,         171,      -3.728420045,     -0.8682978682,       -1.15731313,       1.733155004,      -9.282855348,     0.03634773355,     -0.2222014841,                 0,                 0,                 0,    -0.01659923392,     0.02857087153,     -0.2233346426,                 0,       -6.11321429,     0.00241991282
          0,           0,         172,      -3.725866393,     -0.8792363426,      -1.193248629,       1.737832309,      -9.293987031,     0.03720952066,     -0.2391054096,                 0,                 0,                 0,    -0.02081857701,     0.02884219518,     -0.2402583466,                 0,      -6.425920177,     0.00241991282
          0,           0,         173,      -3.725027138,      -0.890885793,       -1.23808146,       1.740674807,      -9.305464837,     0.03827637343,     -0.2544500017,                 0,                 0,                 0,    -0.02448062785,      0.0293728795,     -0.2556308238,                 0,      -6.647704025,     0.00241991282
          0,           0,         174,      -3.725909006,      -0.902071001,      -1.288988366,        1.74146865,      -9.317274386,     0.03950236859,     -0.2679391582,                 0,                 0,                 0,    -0.02751212879,     0.03012736305,     -0.2691545497,                 0,      -6.782863098,     0.00241991282
          0,           0,         175,      -3.728336183,     -0.9115044441,      -1.338993072,       1.740211828,      -9.329409844,     0.04083549066,     -0.2793270167,                 0,                 0,                 0,    -0.02985542883,     0.03106224248,     -0.2805819963,                 0,      -6.840300243,     0.00241991282
          0,           0,         176,      -3.731966485,     -0.9179947912,      -1.374974844,       1.737102782,      -9.341868948,     0.04221962855,     -0.2884221305,                 0,                 0,                 0,     -0.0314695611,      0.0321281223,     -0.2897198753,                 0,       -6.83147011,     0.00241991282
          0,           0,         177,      -3.736316856,     -0.9207113143,      -1.381781567,       1.732526424,       -9.35463912,     0.04359671071,     -0.2950902364,                 0,                 0,                 0,    -0.03233095402,     0.03327165204,     -0.2964319787,                 0,      -6.768635331,     0.00241991282
          0,           0,         178,      -3.740804126,     -0.9194070321,      -1.355346466,       1.727032876,      -9.367710013,     0.04490885636,     -0.2992555158,                 0,                 0,                 0,    -0.03243372467,     0.03443763222,     -0.3006405139,                 0,      -6.663619161,     0.00241991282
          0,           0,         179,      -3.744806331,      -0.914489921,      -1.307276185,       1.721299731,      -9.381069387,     0.04610049087,     -0.3009005025,                 0,                 0,                 0,    -0.03178952962,      0.0355711316,      -0.302326086,                 0,      -6.527056368,     0.00241991282
          0,           0,         180,      -3.747744222,      -0.906903181,      -1.252689865,       1.716068236,      -9.394700088,     0.04712035643,      -0.300064696,                 0,                 0,                 0,    -0.03042697343,     0.03661954511,     -0.3015263814,                 0,      -6.368048095,     0.00241991282
          0,           0,         181,      -3.749172369,     -0.8978814946,      -1.201203998,       1.712049802,      -9.408581593,     0.04792331112,     -0.2968419491,                 0,                 0,                 0,    -0.02839061664,     0.03753448291,     -0.2983336204,                 0,      -6.194103498,     0.00241991282
          0,           0,         182,      -3.748858783,     -0.8886989235,      -1.157092687,       1.709812813,      -9.422696939,     0.04847189717,     -0.2913766956,                 0,                 0,                 0,    -0.02573962666,     0.03827346937,     -0.2928908416,                 0,      -6.011250078,     0.00241991282
          0,           0,         183,      -3.746828821,     -0.8804905922,       -1.12177861,       1.709676242,      -9.437018057,     0.04873762432,     -0.2838591442,                 0,                 0,                 0,    -0.02254611367,     0.03880139341,     -0.2853871435,                 0,      -5.824230216,     0.00241991282
