"Time_Iter","Outer_Iter","Inner_Iter",    "rms[Rho]"    ,    "rms[RhoU]"   ,    "rms[RhoV]"   ,    "rms[RhoE]"   ,     "rms[nu]"    ,    "RefForce"    ,       "CD"       ,       "CL"       ,       "CSF"      ,       "CMx"      ,       "CMy"      ,       "CMz"      ,       "CFx"      ,       "CFy"      ,       "CFz"      ,      "CEff"      ,     "Buffet"     
          0,           0,           0,      -4.335141048,      -16.17987669,      -16.21539037,      -3.789123062,      -10.32924435,     0.01574572346,       1.363161178,       2.855538063,                 0,                 0,                 0,       1.003530359,       1.109097398,       2.963479204,                 0,       2.094791217,   0.0007867864015
          0,           0,           1,      -5.370743354,      -4.637195947,      -4.597929512,      -4.795718412,      -10.74467462,     0.01574572346,      0.6700194741,       1.505278527,                 0,                 0,                 0,      0.4516584136,      0.5362761796,       1.557946533,                 0,       2.246619069,   0.0007867864015
          0,           0,           2,      -4.986575931,      -4.760117518,      -5.022019951,      -4.431632879,      -11.66477989,     0.01574572346,      0.4733830874,       1.040807182,                 0,                 0,                 0,      0.2324920985,      0.3808693988,       1.078104651,                 0,       2.198657303,   0.0007867864015
          0,           0,           3,       -5.05184504,      -4.842822827,      -5.184079486,      -4.498983348,       -11.9128001,     0.01574572346,      0.3669356303,      0.8360510993,                 0,                 0,                 0,      0.1295108025,      0.2926726749,      0.8648502198,                 0,       2.278468021,   0.0007867864015
          0,           0,           4,      -5.207132739,      -4.903802159,      -5.224860408,      -4.654854232,      -12.00563415,     0.01574572346,      0.3111684274,      0.7551586364,                 0,                 0,                 0,     0.08288282873,      0.2441679257,      0.7794051452,                 0,       2.426848517,   0.0007867864015
          0,           0,           5,       -5.33655954,      -4.954600602,      -5.259226489,      -4.785872489,      -12.09017542,     0.01574572346,      0.2758015598,      0.7201866404,                 0,                 0,                 0,     0.06167836249,        0.21198365,      0.7414838026,                 0,       2.611249338,   0.0007867864015
          0,           0,           6,       -5.46687257,      -5.000978942,      -5.318093059,       -4.91812334,      -12.19666763,     0.01574572346,      0.2512260397,      0.7058804088,                 0,                 0,                 0,     0.05201370636,      0.1887485175,      0.7250901129,                 0,       2.809742213,   0.0007867864015
          0,           0,           7,      -5.579115198,      -5.043549814,      -5.368354296,      -5.032359471,      -12.30848311,     0.01574572346,      0.2327276209,       0.702926298,                 0,                 0,                 0,     0.04756562858,      0.1705779584,      0.7205349999,                 0,       3.020381919,   0.0007867864015
          0,           0,           8,      -5.675909048,      -5.082853826,      -5.404327068,      -5.130767613,      -12.38956991,     0.01574572346,      0.2176181903,      0.7047972304,                 0,                 0,                 0,     0.04506185004,      0.1553629613,      0.7210819392,                 0,       3.238687121,   0.0007867864015
          0,           0,           9,      -5.761809278,      -5.119264602,      -5.430885401,      -5.217753548,      -12.44527959,     0.01574572346,      0.2045627632,       0.707999076,                 0,                 0,                 0,     0.04344631028,      0.1420781548,      0.7231337453,                 0,       3.461035942,   0.0007867864015
          0,           0,          10,      -5.837799099,      -5.153051697,      -5.451542374,       -5.29449598,      -12.47575992,     0.01574572346,      0.1929287368,      0.7111317879,                 0,                 0,                 0,     0.04221568751,      0.1302153656,      0.7252405641,                 0,       3.685981672,   0.0007867864015
          0,           0,          11,      -5.907405428,      -5.184633362,      -5.469095253,      -5.364858653,      -12.50041246,     0.01574572346,      0.1824490106,       0.714071883,                 0,                 0,                 0,     0.04128192856,      0.1195192717,       0.727256103,                 0,       3.913816143,   0.0007867864015
          0,           0,          12,      -5.969368093,      -5.214437915,      -5.484983396,      -5.427722419,      -12.51201215,     0.01574572346,      0.1729727599,      0.7170037641,                 0,                 0,                 0,     0.04064015168,      0.1098235507,      0.7293509176,                 0,       4.145183118,   0.0007867864015
          0,           0,          13,      -6.021848878,      -5.242810761,      -5.500163099,      -5.481078879,      -12.52362523,     0.01574572346,      0.1643533228,      0.7198537761,                 0,                 0,                 0,     0.04022692973,      0.1009885183,      0.7314388511,                 0,        4.37991617,   0.0007867864015
          0,           0,          14,       -6.06474441,      -5.270027259,      -5.515340451,      -5.524513446,      -12.51681449,     0.01574572346,      0.1564465115,      0.7224938789,                 0,                 0,                 0,     0.03993779814,     0.09288169467,      0.7333797835,                 0,       4.618152695,   0.0007867864015
          0,           0,          15,      -6.100573894,      -5.296290006,      -5.530850914,      -5.560352127,       -12.5145653,     0.01574572346,       0.149150021,      0.7249704509,                 0,                 0,                 0,      0.0397299707,     0.08539712201,      0.7352110003,                 0,        4.86067951,   0.0007867864015
          0,           0,          16,      -6.133135137,      -5.321748098,      -5.546806078,      -5.592416488,      -12.50662841,     0.01574572346,      0.1423975502,      0.7274077599,                 0,                 0,                 0,     0.03961162739,     0.07845792095,       0.737050518,                 0,       5.108288442,   0.0007867864015
          0,           0,          17,      -6.165422092,      -5.346532982,      -5.563259444,      -5.623848663,      -12.49341526,     0.01574572346,      0.1361321862,      0.7298317926,                 0,                 0,                 0,     0.03958445281,     0.07200513019,      0.7389192641,                 0,       5.361199382,   0.0007867864015
          0,           0,          18,      -6.198991235,      -5.370766616,      -5.580274418,      -5.656363813,      -12.47757529,     0.01574572346,      0.1302954406,      0.7321510372,                 0,                 0,                 0,     0.03962193809,     0.06598845966,      0.7407209774,                 0,       5.619160838,   0.0007867864015
          0,           0,          19,      -6.234043801,      -5.394564243,      -5.597949683,      -5.690277242,      -12.45836184,     0.01574572346,      0.1248349144,      0.7342922795,                 0,                 0,                 0,     0.03968752187,     0.06036209081,      0.7423781553,                 0,       5.882106647,   0.0007867864015
          0,           0,          20,      -6.269882772,      -5.418020684,      -5.616392215,      -5.724946201,      -12.43830037,     0.01574572346,      0.1197141669,      0.7362928454,                 0,                 0,                 0,     0.03977137115,     0.05508646854,       0.743924806,                 0,       6.150423667,   0.0007867864015
          0,           0,          21,      -6.305582814,      -5.441203023,      -5.635672198,      -5.759449181,      -12.41637257,     0.01574572346,      0.1149083705,      0.7382486821,                 0,                 0,                 0,     0.03988691493,     0.05012849721,      0.7454543474,                 0,       6.424672799,   0.0007867864015
          0,           0,          22,       -6.34059403,      -5.464161338,      -5.655813524,      -5.793222179,      -12.39485613,     0.01574572346,      0.1103937599,      0.7402186794,                 0,                 0,                 0,     0.04004405881,     0.04545936955,       0.747023374,                 0,       6.705258339,   0.0007867864015
          0,           0,          23,      -6.374873134,        -5.4869436,      -5.676813533,      -5.826220656,      -12.37306367,     0.01574572346,      0.1061429629,      0.7421823834,                 0,                 0,                 0,     0.04023527881,     0.04105360004,      0.7486091241,                 0,       6.992290048,   0.0007867864015
          0,           0,          24,      -6.408644109,      -5.509601895,      -5.698656059,      -5.858688296,      -12.34854121,     0.01574572346,      0.1021279099,      0.7440702342,                 0,                 0,                 0,      0.0404401207,     0.03688928842,      0.7501398562,                 0,       7.285669855,   0.0007867864015
          0,           0,          25,      -6.442243893,      -5.532191563,      -5.721310339,      -5.890991367,       -12.3238829,     0.01574572346,     0.09832631723,       0.745840445,                 0,                 0,                 0,     0.04064309296,     0.03294787794,      0.7515720002,                 0,       7.585359302,   0.0008502955855
          0,           0,          26,      -6.476044156,       -5.55476124,      -5.744727956,      -5.923528646,      -12.29870256,     0.01574572346,     0.09472422767,      0.7475151874,                 0,                 0,                 0,     0.04084564755,     0.02921353201,      0.7529264268,                 0,        7.89148886,   0.0008502955855
          0,           0,          27,      -6.510292249,      -5.577348747,      -5.768850222,      -5.956573082,      -12.27369316,     0.01574572346,     0.09131205464,      0.7491501796,                 0,                 0,                 0,     0.04105882269,     0.02567184438,      0.7542578069,                 0,        8.20428565,   0.0008502955855
          0,           0,          28,      -6.545024312,      -5.599982486,      -5.793623187,      -5.990185678,      -12.24846118,     0.01574572346,     0.08807984767,      0.7507906201,                 0,                 0,                 0,     0.04129122331,     0.02230896312,      0.7556102997,                 0,       8.523977277,   0.0008502955855
          0,           0,          29,      -6.580130851,      -5.622683805,      -5.819006674,      -6.024274727,      -12.22306328,     0.01574572346,     0.08501505402,      0.7524456558,                 0,                 0,                 0,     0.04154229271,     0.01911158606,      0.7569919231,                 0,       8.850734314,   0.0008502955855
          0,           0,          30,      -6.615450339,      -5.645469841,      -5.844976668,      -6.058683148,      -12.19776134,     0.01574572346,      0.0821029947,      0.7540877758,                 0,                 0,                 0,     0.04180235797,     0.01606748782,      0.7583739916,                 0,       9.184656157,   0.0008502955855
          0,           0,          31,      -6.650806996,      -5.668353652,      -5.871522437,       -6.09322745,      -12.17253205,     0.01574572346,     0.07933000175,      0.7556783446,                 0,                 0,                 0,     0.04206005751,     0.01316641975,      0.7597168256,                 0,       9.525757316,   0.0008502955855
          0,           0,          32,      -6.686034749,      -5.691342782,      -5.898638072,      -6.127726386,      -12.14738954,     0.01574572346,     0.07668625776,      0.7571975419,                 0,                 0,                 0,     0.04231036714,     0.01040032923,      0.7609998244,                 0,       9.873966523,   0.0008502955855
          0,           0,          33,      -6.721005774,      -5.714438102,       -5.92631303,      -6.162034731,      -12.12241601,     0.01574572346,     0.07416564081,      0.7586528216,                 0,                 0,                 0,     0.04255580893,    0.007762467997,      0.7622298801,                 0,        10.2291683,   0.0008502955855
          0,           0,          34,      -6.755634942,      -5.737635383,      -5.954528893,      -6.196052811,      -12.09758233,     0.01574572346,     0.07176347882,      0.7600667922,                 0,                 0,                 0,     0.04280197548,    0.005246211301,      0.7634291079,                 0,       10.59127574,   0.0008502955855
          0,           0,          35,      -6.789860404,      -5.760927332,      -5.983261271,      -6.229712461,      -12.07290434,     0.01574572346,     0.06947454451,       0.761460645,                 0,                 0,                 0,     0.04305274571,    0.002844504812,      0.7646181629,                 0,       10.96028265,    0.005403293334
          0,           0,          36,       -6.82364076,      -5.784306566,       -6.01248354,      -6.262974948,      -12.04840244,     0.01574572346,     0.06729202687,      0.7628423976,                 0,                 0,                 0,      0.0433075906,    0.000549864632,      0.7658044386,                 0,       11.33629693,    0.005403293334
          0,           0,          37,      -6.856966405,      -5.807766283,      -6.042171666,      -6.295837209,      -12.02416297,     0.01574572346,     0.06520782482,      0.7642022718,                 0,                 0,                 0,     0.04356143815,   -0.001644927246,      0.7669774878,                 0,       11.71948725,    0.005403293334
          0,           0,          38,      -6.889848399,      -5.831299103,      -6.072309069,      -6.328315437,      -12.00017492,     0.01574572346,     0.06321405238,       0.765519512,                 0,                 0,                 0,     0.04380782723,   -0.003745917834,      0.7681159469,                 0,       12.10995788,    0.005403293334
          0,           0,          39,       -6.92229241,      -5.854895597,      -6.102886988,        -6.3604189,      -11.97647144,     0.01574572346,     0.06130449553,      0.7667752883,                 0,                 0,                 0,     0.04404255249,   -0.005757656361,      0.7692005157,                 0,       12.50765187,    0.005403293334
          0,           0,          40,      -6.954286509,       -5.87854184,      -6.133899522,      -6.392141733,       -11.9530605,     0.01574572346,     0.05947493357,      0.7679609604,                 0,                 0,                 0,     0.04426500305,   -0.007683594412,      0.7702222191,                 0,       12.91234667,    0.005403293334
          0,           0,          41,      -6.985816499,      -5.902218366,      -6.165337226,      -6.423481406,      -11.92992604,     0.01574572346,     0.05772249228,      0.7690788926,                 0,                 0,                 0,     0.04447717973,   -0.009526801345,      0.7711831619,                 0,       13.32372984,    0.005403293334
          0,           0,          42,      -7.016883644,       -5.92590124,      -6.197183488,      -6.454456429,      -11.90711584,     0.01574572346,     0.05604468968,      0.7701384775,                 0,                 0,                 0,     0.04468183326,     -0.0112905683,      0.7720924846,                 0,       13.74150668,    0.005403293334
          0,           0,          43,      -7.047501478,      -5.949563661,      -6.229414993,      -6.485100146,      -11.88465943,     0.01574572346,     0.05443869178,      0.7711507262,                 0,                 0,                 0,     0.04488096221,    -0.01297867819,      0.7729609095,                 0,       14.16548967,    0.005403293334
          0,           0,          44,      -7.077684313,      -5.973177722,      -6.262004446,      -6.515443987,      -11.86256376,     0.01574572346,     0.05290100342,      0.7721234008,                 0,                 0,                 0,      0.0450750185,    -0.01459528936,      0.7737958644,                 0,       14.59562864,    0.005403293334
          0,           0,          45,      -7.107437435,      -5.996715752,      -6.294923925,      -6.545502535,      -11.84084882,     0.01574572346,     0.05142754284,      0.7730579317,                 0,                 0,                 0,     0.04526275911,    -0.01614459271,      0.7745984185,                 0,       15.03198265,    0.005403293334
          0,           0,          46,       -7.13675289,       -6.02015055,       -6.32814768,      -6.575268139,      -11.81954461,     0.01574572346,     0.05001410082,      0.7739497867,                 0,                 0,                 0,     0.04544198111,    -0.01763038645,      0.7753636902,                 0,       15.47463164,    0.005403293334
          0,           0,          47,      -7.165614925,      -6.043455457,      -6.361653394,      -6.604718766,      -11.79866216,     0.01574572346,     0.04865687133,      0.7747914972,                 0,                 0,                 0,     0.04561059639,    -0.01905581116,      0.7760839074,                 0,       15.92357823,    0.005403293334
          0,           0,          48,      -7.194011882,      -6.066603816,      -6.395420148,      -6.633833519,       -11.7782152,     0.01574572346,     0.04735279229,      0.7755762309,                 0,                 0,                 0,     0.04576746741,    -0.02042332185,       0.776751997,                 0,       16.37867998,    0.005403293334
          0,           0,          49,      -7.221947827,      -6.089568886,      -6.429423392,      -6.662608279,      -11.75822779,     0.01574572346,     0.04609956838,      0.7763003613,                 0,                 0,                 0,     0.04591266334,    -0.02173488897,      0.7773641461,                 0,       16.83964489,    0.005403293334
          0,           0,          50,      -7.249441785,      -6.112324173,      -6.463630045,      -6.691057952,      -11.73871051,     0.01574572346,     0.04489544372,      0.7769643713,                 0,                 0,                 0,     0.04604718206,    -0.02299230386,       0.777920683,                 0,       17.30608514,    0.005403293334
          0,           0,          51,      -7.276513987,      -6.134844061,      -6.497995589,      -6.719203514,       -11.7196834,     0.01574572346,     0.04373888114,      0.7775722234,                 0,                 0,                 0,     0.04617242347,    -0.02419744318,       0.778425421,                 0,       17.77759749,    0.005403293334
          0,           0,          52,      -7.303168419,      -6.157104508,      -6.532464181,       -6.74705229,      -11.70117355,     0.01574572346,     0.04262826467,      0.7781296443,                 0,                 0,                 0,       0.046289682,    -0.02535241585,      0.7788839242,                 0,       18.25384285,    0.005403293334
          0,           0,          53,      -7.329387775,      -6.179084089,      -6.566971126,      -6.774589515,      -11.68320165,     0.01574572346,     0.04156176725,      0.7786422562,                 0,                 0,                 0,     0.04639979615,      -0.026459532,       0.779301634,                 0,       18.73458007,    0.005403293334
          0,           0,          54,      -7.355139521,      -6.200764117,      -6.601447738,      -6.801781223,      -11.66580881,     0.01574572346,      0.0405373231,      0.7791141496,                 0,                 0,                 0,     0.04650303282,    -0.02752120604,      0.7796824455,                 0,       19.21967436,    0.005403293334
          0,           0,          55,      -7.380392534,      -6.222128576,      -6.635826742,      -6.828589678,      -11.64901538,     0.01574572346,      0.0395527451,      0.7795474603,                 0,                 0,                 0,     0.04659920654,    -0.02853980294,      0.7800282958,                 0,       19.70906086,    0.005403293334
          0,           0,          56,      -7.405129807,      -6.243163641,       -6.67004688,      -6.854987947,      -11.63285916,     0.01574572346,     0.03860588469,      0.7799426751,                 0,                 0,                 0,     0.04668794201,    -0.02951750551,      0.7803394823,                 0,       20.20268883,    0.005403293334
          0,           0,          57,      -7.429352067,      -6.263857453,      -6.704056496,      -6.880966611,      -11.61737869,     0.01574572346,     0.03769478131,      0.7802993522,                 0,                 0,                 0,     0.04676895035,    -0.03045622832,      0.7806153943,                 0,       20.70046105,    0.005403293334
          0,           0,          58,      -7.453073225,      -6.284199436,      -6.737814447,      -6.906532193,      -11.60261086,     0.01574572346,     0.03681774093,      0.7806169691,                 0,                 0,                 0,     0.04684221752,    -0.03135761344,      0.7808553634,                 0,       21.20219626,    0.005403293334
          0,           0,          59,      -7.476310488,      -6.304179759,      -6.771289273,      -6.931699194,      -11.58857967,     0.01574572346,     0.03597335031,      0.7808955962,                 0,                 0,                 0,     0.04690807038,    -0.03222307484,      0.7810593367,                 0,       21.70761382,    0.005403293334
          0,           0,          60,       -7.49907425,       -6.32378905,      -6.804457994,      -6.956479394,      -11.57532597,     0.01574572346,     0.03516041907,       0.781136228,                 0,                 0,                 0,     0.04696711305,    -0.03305388508,      0.7812282013,                 0,       22.21635147,    0.005403293334
          0,           0,          61,      -7.521359209,      -6.343018456,      -6.837305013,      -6.980870584,      -11.56288791,     0.01574572346,     0.03437788999,      0.7813407629,                 0,                 0,                 0,     0.04702008705,    -0.03385126279,      0.7813637559,                 0,        22.7280023,    0.005403293334
          0,           0,          62,      -7.543145391,      -6.361859845,      -6.869822609,      -7.004854321,      -11.55128193,     0.01574572346,     0.03362474717,      0.7815117555,                 0,                 0,                 0,     0.04706772164,    -0.03461644266,      0.7814684571,                 0,       23.24216005,     0.01158249762
          0,           0,          63,      -7.564404304,      -6.380306296,      -6.902011247,      -7.028399336,      -11.54054079,     0.01574572346,     0.03289994626,      0.7816520701,                 0,                 0,                 0,     0.04711061951,    -0.03535071471,      0.7815450673,                 0,       23.75846039,     0.01158249762
          0,           0,          64,      -7.585110666,      -6.398351884,       -6.93387986,      -7.051472564,       -11.5306677,     0.01574572346,     0.03220237729,      0.7817645253,                 0,                 0,                 0,     0.04714919648,    -0.03605543034,      0.7815962974,                 0,        24.2766091,     0.01158249762
          0,           0,          65,      -7.605249844,      -6.415992039,      -6.965443088,      -7.074047541,      -11.52168723,     0.01574572346,     0.03153087366,      0.7818516024,                 0,                 0,                 0,     0.04718368187,    -0.03673196796,      0.7816245177,                 0,       24.79638246,     0.01158249762
          0,           0,          66,      -7.624816328,      -6.433223666,      -6.996717778,      -7.096104553,      -11.51360858,     0.01574572346,     0.03088424303,      0.7819152664,                 0,                 0,                 0,     0.04721416619,    -0.03738168665,      0.7816315819,                 0,        25.3176115,     0.01158249762
          0,           0,          67,       -7.64381014,       -6.45004528,      -7.027717124,      -7.117628875,      -11.50644584,     0.01574572346,     0.03026132072,      0.7819569476,                 0,                 0,                 0,     0.04724067938,    -0.03800587131,      0.7816188132,                 0,       25.84014607,     0.01158249762
          0,           0,          68,       -7.66223211,      -6.466457241,      -7.058443861,      -7.138607716,      -11.50022406,     0.01574572346,     0.02966101998,      0.7819776748,                 0,                 0,                 0,      0.0472632734,    -0.03860569421,      0.7815871419,                 0,       26.36381605,     0.01186231605
          0,           0,          69,      -7.680081164,      -6.482461737,      -7.088883798,      -7.159028131,       -11.4949517,     0.01574572346,     0.02908236077,      0.7819783031,                 0,                 0,                 0,      0.0472820852,    -0.03918220621,      0.7815373343,                 0,       26.88840529,     0.01186231605
          0,           0,          70,      -7.697353166,      -6.498063465,      -7.118998313,      -7.178875387,      -11.49061538,     0.01574572346,     0.02852448832,      0.7819597691,                 0,                 0,                 0,     0.04729737256,    -0.03973634044,      0.7814702491,                 0,       27.41363001,     0.01186231605
          0,           0,          71,      -7.714045908,      -6.513269767,      -7.148721057,      -7.198138315,      -11.48721806,     0.01574572346,     0.02798665523,      0.7819232846,                 0,                 0,                 0,     0.04730950768,    -0.04026894708,      0.7813870282,                 0,       27.93914736,     0.01186231605
          0,           0,          72,      -7.730160565,      -6.528090794,      -7.177956322,      -7.216809827,      -11.48478183,     0.01574572346,     0.02746819534,      0.7818704433,                 0,                 0,                 0,     0.04731895037,    -0.04078082865,      0.7812892012,                 0,        28.4645727,     0.01186231605
          0,           0,          73,      -7.745701921,      -6.542539726,      -7.206582824,      -7.234886364,      -11.48325797,     0.01574572346,     0.02696848592,      0.7818032041,                 0,                 0,                 0,     0.04732619994,    -0.04127277624,      0.7811786653,                 0,       28.98951044,     0.01186231605
          0,           0,          74,      -7.760679299,      -6.556632445,      -7.234463616,      -7.252368517,      -11.48275123,     0.01574572346,     0.02648691629,       0.781723781,                 0,                 0,                 0,     0.04733174611,    -0.04174559118,      0.7810575728,                 0,        29.5135822,     0.01186231605
          0,           0,          75,      -7.775104178,      -6.570386925,      -7.261458365,      -7.269257288,       -11.4833486,     0.01574572346,      0.0260228605,      0.7816344773,                 0,                 0,                 0,     0.04733602751,    -0.04220009777,      0.7809281638,                 0,       30.03645496,     0.01186231605
          0,           0,          76,      -7.788990051,      -6.583822571,        -7.2874378,      -7.285554278,      -11.48508662,     0.01574572346,     0.02557567409,      0.7815375127,                 0,                 0,                 0,     0.04733940689,    -0.04263713147,      0.7807925933,                 0,        30.5578461,     0.01186231605
          0,           0,          77,      -7.802353011,      -6.596959252,      -7.312296439,      -7.301263077,       -11.4879877,     0.01574572346,     0.02514469493,      0.7814348876,                 0,                 0,                 0,     0.04734216416,    -0.04305752627,      0.7806527965,                 0,        31.0775251,     0.01186231605
          0,           0,          78,      -7.815212483,      -6.609816457,      -7.335962536,      -7.316391263,      -11.49206901,     0.01574572346,     0.02472925616,      0.7813283044,                 0,                 0,                 0,     0.04734450443,    -0.04346209483,       0.780510411,                 0,       31.59530151,     0.01186231605
          0,           0,          79,      -7.827590834,      -6.622412485,      -7.358405343,      -7.330950996,       -11.4973353,     0.01574572346,     0.02432870398,      0.7812191515,                 0,                 0,                 0,     0.04734657856,    -0.04385160949,      0.7803667631,                 0,       32.11100567,     0.01186231605
          0,           0,          80,       -7.83951186,      -6.634763995,      -7.379635278,      -7.344957966,      -11.50377262,     0.01574572346,     0.02394241317,      0.7811085344,                 0,                 0,                 0,     0.04734850587,    -0.04422678942,      0.7802228994,                 0,       32.62446976,     0.01186231605
          0,           0,          81,      -7.850999947,      -6.646885765,      -7.399700477,      -7.358430867,      -11.51134937,     0.01574572346,     0.02356979903,      0.7809973338,                 0,                 0,                 0,      0.0473503931,    -0.04458829388,      0.7800796465,                 0,       33.13551095,     0.01186231605
          0,           0,          82,      -7.862080716,      -6.658790565,      -7.418679906,      -7.371392551,      -11.52002446,     0.01574572346,     0.02321031711,      0.7808862723,                 0,                 0,                 0,     0.04735234776,    -0.04493672822,      0.7799376767,                 0,       33.64392949,     0.01186231605
          0,           0,          83,      -7.872780322,      -6.670489152,       -7.43667302,      -7.383868689,      -11.52972242,     0.01574572346,     0.02286346827,      0.7807759703,                 0,                 0,                 0,     0.04735448226,    -0.04527264374,      0.7797975645,                 0,       34.14949828,     0.01186231605
          0,           0,          84,      -7.883125099,      -6.681990528,      -7.453788553,      -7.395886891,      -11.54027605,     0.01574572346,     0.02252878822,      0.7806669869,                 0,                 0,                 0,     0.04735691208,     -0.0455965517,      0.7796598266,                 0,       34.65197415,     0.01186231605
          0,           0,          85,      -7.893141366,      -6.693301882,      -7.470134973,      -7.407476438,      -11.55154587,     0.01574572346,      0.0222058401,      0.7805598301,                 0,                 0,                 0,      0.0473597445,    -0.04590893157,      0.7795249307,                 0,       35.15110559,     0.01186231605
          0,           0,          86,      -7.902855085,      -6.704428874,      -7.485811584,      -7.418666945,      -11.56341005,     0.01574572346,     0.02189420399,      0.7804549473,                 0,                 0,                 0,     0.04736306507,    -0.04621024068,      0.7793932862,                 0,       35.64664638,     0.01186231605
          0,           0,          87,      -7.912290684,      -6.715375697,      -7.500903089,       -7.42948685,       -11.5757681,     0.01574572346,     0.02159347045,      0.7803527096,                 0,                 0,                 0,     0.04736692967,    -0.04650091924,      0.7792652269,                 0,       36.13836467,     0.01186231605
          0,           0,          88,      -7.921469932,       -6.72614521,      -7.515476086,      -7.439961909,      -11.58851339,     0.01574572346,     0.02130323646,      0.7802533914,                 0,                 0,                 0,     0.04737135808,    -0.04678139264,       0.779140991,                 0,       36.62604941,     0.01186231605
          0,           0,          89,       -7.93041062,      -6.736738927,      -7.529578369,       -7.45011314,      -11.60151558,     0.01574572346,     0.02102310362,      0.7801571527,                 0,                 0,                 0,     0.04737633292,    -0.04705207174,      0.7790207034,                 0,       37.10951375,     0.01186231605
          0,           0,          90,      -7.939126314,      -6.747157432,      -7.543239887,      -7.459956189,       -11.6146384,     0.01574572346,     0.02075267945,       0.780064032,                 0,                 0,                 0,     0.04738180281,    -0.04731335086,       0.778904368,                 0,       37.58859351,     0.01219452311
          0,           0,          91,      -7.947627841,      -6.757400384,      -7.556476005,      -7.469503545,      -11.62771949,     0.01574572346,     0.02049157729,       0.779973946,                 0,                 0,                 0,     0.04738768888,    -0.04756560794,      0.7787918683,                 0,       38.06314834,     0.01219452311
          0,           0,          92,      -7.955924041,      -6.767466845,      -7.569291776,       -7.47876542,      -11.64058668,     0.01574572346,     0.02023942385,      0.7798866943,                 0,                 0,                 0,     0.04739388971,    -0.04780919737,       0.778682972,                 0,       38.53304818,     0.01219452311
          0,           0,          93,      -7.964022297,      -6.777355513,      -7.581685933,      -7.487750336,      -11.65312122,     0.01574572346,      0.0199958581,      0.7798019669,                 0,                 0,                 0,     0.04740028591,     -0.0480444518,      0.7785773388,                 0,       38.99817468,     0.01219452311
          0,           0,          94,      -7.971929465,      -6.787064994,      -7.593655821,       -7.49646634,      -11.66524502,     0.01574572346,      0.0197605344,      0.7797193583,                 0,                 0,                 0,     0.04740674597,    -0.04827168021,      0.7784745348,                 0,       39.45841456,     0.01219452311
          0,           0,          95,      -7.979652696,      -6.796594145,      -7.605200345,      -7.504922164,      -11.67692411,     0.01574572346,     0.01953312362,      0.7796383835,                 0,                 0,                 0,     0.04741312999,    -0.04849116821,       0.778374048,                 0,       39.91365636,     0.01219452311
          0,           0,          96,       -7.98719964,      -6.805942332,      -7.616322738,      -7.513127411,       -11.6881519,     0.01574572346,     0.01931331346,      0.7795584943,                 0,                 0,                 0,     0.04741929277,    -0.04870317911,       0.778275305,                 0,       40.36378821,     0.01219452311
          0,           0,          97,      -7.994578351,      -6.815109589,      -7.627032083,       -7.52109258,      -11.69890866,     0.01574572346,     0.01910080781,      0.7794790933,                 0,                 0,                 0,     0.04742508447,    -0.04890795586,      0.7781776851,                 0,       40.80869777,     0.01219452311
          0,           0,          98,      -8.001796788,      -6.824096776,       -7.63734335,      -7.528828343,      -11.70912927,     0.01574572346,     0.01889532386,      0.7793995472,                 0,                 0,                 0,     0.04743035104,    -0.04910572499,      0.7780805326,                 0,       41.24827673,     0.01219452311
          0,           0,          99,      -8.008861988,      -6.832905711,      -7.647275182,      -7.536344205,       -11.7187716,     0.01574572346,     0.01869659067,       0.779319193,                 0,                 0,                 0,      0.0474349321,     -0.0492966986,      0.7779831634,                 0,       41.68242256,     0.01219452311
          0,           0,         100,      -8.015780051,      -6.841539155,      -7.656848972,      -7.543648533,      -11.72781032,     0.01574572346,     0.01850434804,      0.7792373452,                 0,                 0,                 0,     0.04743866088,    -0.04948107619,       0.777884872,                 0,       42.11104026,     0.01219452311
          0,           0,         101,      -8.022556022,      -6.850000809,      -7.666086306,      -7.550748416,      -11.73625982,     0.01574572346,     0.01831834228,      0.7791532939,                 0,                 0,                 0,     0.04744136288,    -0.04965904858,      0.7777849291,                 0,        42.5340504,     0.01219452311
          0,           0,         102,      -8.029194053,       -6.85829531,       -7.67500689,       -7.55764986,      -11.74414407,     0.01574572346,      0.0181383291,      0.7790663152,                 0,                 0,                 0,     0.04744285824,    -0.04983079606,      0.7776825922,                 0,       42.95138272,     0.01219452311
          0,           0,         103,      -8.035697573,      -6.866428034,      -7.683627205,      -7.564358069,      -11.75148474,     0.01574572346,     0.01796407171,      0.7789756744,                 0,                 0,                 0,     0.04744296441,    -0.04999649049,      0.7775771088,                 0,       43.36297956,     0.01219452311
          0,           0,         104,      -8.042069237,      -6.874405046,      -7.691958584,      -7.570877294,      -11.75834307,     0.01574572346,      0.0177953409,      0.7788806306,                 0,                 0,                 0,      0.0474414978,    -0.05015629562,      0.7774677208,                 0,       43.76879516,     0.01219452311
          0,           0,         105,      -8.048311566,      -6.882232993,      -7.700007049,      -7.577211878,      -11.76478219,     0.01574572346,     0.01763191618,      0.7787804451,                 0,                 0,                 0,     0.04743827767,    -0.05031036671,      0.7773536732,                 0,       44.16879237,     0.01219452311
          0,           0,         106,      -8.054426813,        -6.8899189,      -7.707773762,      -7.583366076,      -11.77082969,     0.01574572346,     0.01747358793,      0.7786743927,                 0,                 0,                 0,     0.04743313077,     -0.0504588494,       0.777234225,                 0,       44.56293669,     0.01219452311
          0,           0,         107,      -8.060416664,      -6.897470069,      -7.715254836,      -7.589343473,      -11.77651293,     0.01574572346,     0.01732015534,      0.7785617688,                 0,                 0,                 0,     0.04742589305,    -0.05060188231,      0.7771086572,                 0,       44.95120011,     0.01219452311
          0,           0,         108,      -8.066282652,      -6.904893964,      -7.722442032,      -7.595147588,      -11.78184424,     0.01574572346,     0.01717143014,      0.7784419009,                 0,                 0,                 0,     0.04741641322,    -0.05073959439,      0.7769762832,                 0,       45.33355081,     0.01219452311
          0,           0,         109,      -8.072026027,      -6.912198104,      -7.729323996,      -7.600781655,      -11.78681223,     0.01574572346,     0.01702723509,      0.7783141599,                 0,                 0,                 0,     0.04740455624,    -0.05087210738,      0.7768364609,                 0,        45.7099556,     0.01219452311
          0,           0,         110,      -8.077647534,      -6.919389937,      -7.735887284,      -7.606248218,      -11.79137445,     0.01574572346,     0.01688740459,      0.7781779707,                 0,                 0,                 0,     0.04739020553,    -0.05099953612,      0.7766886029,                 0,       46.08037705,     0.01219452311
          0,           0,         111,      -8.083147416,      -6.926476804,       -7.74211731,      -7.611549104,      -11.79550791,     0.01574572346,     0.01675178177,      0.7780328099,                 0,                 0,                 0,     0.04737325863,    -0.05112199125,      0.7765321742,                 0,       46.44477946,     0.01219452311
          0,           0,         112,      -8.088525762,      -6.933465894,      -7.747999156,      -7.616685905,      -11.79924019,     0.01574572346,     0.01662021712,      0.7778782012,                 0,                 0,                 0,     0.04735362388,    -0.05123958021,      0.7763666871,                 0,       46.80313112,     0.01219452311
          0,           0,         113,      -8.093782643,      -6.940364164,      -7.753518737,      -7.621660161,      -11.80262543,     0.01574572346,     0.01649256902,      0.7777137156,                 0,                 0,                 0,     0.04733122123,    -0.05135240671,      0.7761917022,                 0,        47.1554016,     0.01219452311
          0,           0,         114,      -8.098917705,      -6.947178349,      -7.758662572,      -7.626472702,      -11.80573603,     0.01574572346,     0.01636870237,      0.7775389729,                 0,                 0,                 0,     0.04730598278,    -0.05146057219,      0.7760068288,                 0,        47.5015646,     0.01219452311
          0,           0,         115,      -8.103930072,      -6.953914897,      -7.763418217,      -7.631123783,        -11.808639,     0.01574572346,     0.01624848965,      0.7773536452,                 0,                 0,                 0,     0.04727785454,    -0.05156417508,      0.7758117291,                 0,       47.84159401,     0.01219452311
          0,           0,         116,      -8.108819572,      -6.960579951,      -7.767775117,       -7.63561425,      -11.81139337,     0.01574572346,     0.01613181003,      0.7771574628,                 0,                 0,                 0,     0.04724679783,    -0.05166331228,      0.7756061239,                 0,       48.17546584,      0.0199971548
          0,           0,         117,      -8.113585618,      -6.967179364,      -7.771725374,      -7.639944636,      -11.81404584,     0.01574572346,     0.01601854959,       0.776950221,                 0,                 0,                 0,      0.0472127911,    -0.05175807942,      0.7753897995,                 0,       48.50315671,      0.0199971548
          0,           0,         118,      -8.118228452,      -6.973718762,      -7.775264551,      -7.644116574,      -11.81663426,     0.01574572346,     0.01590860143,      0.7767317851,                 0,                 0,                 0,      0.0471758307,    -0.05184857124,      0.7751626121,                 0,       48.82464297,      0.0199971548
          0,           0,         119,      -8.122749293,      -6.980203552,      -7.778392865,      -7.648133005,        -11.819182,     0.01574572346,     0.01580186506,      0.7765020924,                 0,                 0,                 0,     0.04713593074,    -0.05193488242,      0.7749244908,                 0,       49.13990149,      0.0199971548
          0,           0,         120,       -8.12715041,       -6.98663897,      -7.781115542,      -7.651998232,      -11.82177135,     0.01574572346,     0.01569824599,      0.7762611532,                 0,                 0,                 0,      0.0470931225,    -0.05201710795,      0.7746754375,                 0,       49.44891001,      0.0199971548
          0,           0,         121,      -8.131435285,      -6.993030102,      -7.783443153,      -7.655718154,       -11.8243399,     0.01574572346,     0.01559765429,      0.7760090462,                 0,                 0,                 0,     0.04704745229,     -0.0520953443,      0.7744155226,                 0,       49.75165059,      0.0199971548
          0,           0,         122,      -8.135608649,      -6.999381896,      -7.785391678,      -7.659300248,      -11.82684563,     0.01574572346,     0.01550000421,      0.7757459137,                 0,                 0,                 0,     0.04699897981,    -0.05216968928,      0.7741448807,                 0,       50.04810987,      0.0199971548
          0,           0,         123,      -8.139676322,        -7.0056992,      -7.786982117,      -7.662753243,      -11.82927481,     0.01574572346,     0.01540521344,      0.7754719569,                 0,                 0,                 0,     0.04694777688,    -0.05224024243,      0.7738637048,                 0,       50.33828059,      0.0199971548
          0,           0,         124,      -8.143644843,      -7.011986783,      -7.788239684,      -7.666086669,      -11.83162739,     0.01574572346,     0.01531320299,      0.7751874301,                 0,                 0,                 0,     0.04689392597,    -0.05230710461,      0.7735722415,                 0,       50.62216121,      0.0199971548
          0,           0,         125,      -8.147521446,      -7.018249328,      -7.789193249,      -7.669310866,      -11.83390465,     0.01574572346,     0.01522389684,      0.7748926372,                 0,                 0,                 0,     0.04683751962,    -0.05237037803,      0.7732707868,                 0,       50.89975618,      0.0199971548
          0,           0,         126,      -8.151313964,      -7.024491429,      -7.789874815,       -7.67243681,       -11.8361087,     0.01574572346,     0.01513722171,       0.774587927,                 0,                 0,                 0,     0.04677865948,     -0.0524301661,      0.7729596819,                 0,       51.17107631,      0.0199971548
          0,           0,         127,      -8.155030708,      -7.030717587,      -7.790318942,       -7.67547598,      -11.83824083,     0.01574572346,     0.01505310694,      0.7742736905,                 0,                 0,                 0,     0.04671745565,    -0.05248657327,      0.7726393101,                 0,       51.43613831,      0.0199971548
          0,           0,         128,      -8.158680309,      -7.036932225,      -7.790561985,      -7.678440156,      -11.84031434,     0.01574572346,     0.01497148444,      0.7739503573,                 0,                 0,                 0,     0.04665402598,    -0.05253970481,      0.7723100934,                 0,       51.69496453,     0.02046235629
          0,           0,         129,      -8.162271783,      -7.043139672,      -7.790641482,       -7.68134151,      -11.84234655,     0.01574572346,     0.01489228856,      0.7736183922,                 0,                 0,                 0,     0.04658849519,    -0.05258966668,      0.7719724892,                 0,       51.94758276,     0.02046235629
          0,           0,         130,      -8.165814454,      -7.049344156,      -7.790595572,       -7.68419252,      -11.84434816,     0.01574572346,     0.01481545559,      0.7732782916,                 0,                 0,                 0,     0.04652099378,    -0.05263656555,      0.7716269863,                 0,       52.19402717,     0.02046235629
          0,           0,         131,      -8.169317839,       -7.05554978,      -7.790462386,      -7.687005833,      -11.84628537,     0.01574572346,     0.01474092373,      0.7729305786,                 0,                 0,                 0,     0.04645165675,    -0.05268050861,      0.7712741006,                 0,       52.43433811,     0.02046235629
          0,           0,         132,      -8.172791513,      -7.061760529,        -7.7902793,      -7.689794049,      -11.84806534,     0.01574572346,     0.01466863237,      0.7725757984,                 0,                 0,                 0,     0.04638062248,    -0.05272160374,      0.7709143698,                 0,        52.6685637,     0.02046235629
          0,           0,         133,      -8.176245083,      -7.067980217,      -7.790082298,      -7.692569699,      -11.84966611,     0.01574572346,     0.01459852257,      0.7722145133,                 0,                 0,                 0,     0.04630803126,    -0.05275995868,       0.770548349,                 0,       52.89675783,     0.02046235629
          0,           0,         134,      -8.179688072,      -7.074212451,      -7.789905357,      -7.695345093,      -11.85113468,     0.01574572346,     0.01453053619,      0.7718472968,                 0,                 0,                 0,     0.04623402386,    -0.05279568133,      0.7701766045,                 0,       53.11898245,     0.02046235629
          0,           0,         135,      -8.183129838,      -7.080460606,      -7.789780226,      -7.698132159,      -11.85252052,     0.01574572346,     0.01446461592,      0.7714747281,                 0,                 0,                 0,     0.04615874017,    -0.05282887924,      0.7697997082,                 0,        53.3353068,     0.02046235629
          0,           0,         136,      -8.186579333,       -7.08672779,      -7.789735874,      -7.700942187,      -11.85385803,     0.01574572346,     0.01440070525,      0.7710973865,                 0,                 0,                 0,     0.04608231811,    -0.05285965924,      0.7694182323,                 0,       53.54580719,     0.02046235629
          0,           0,         137,      -8.190044924,      -7.093016821,      -7.789798163,      -7.703785612,      -11.85516178,     0.01574572346,     0.01433874805,       0.770715847,                 0,                 0,                 0,     0.04600489262,     -0.0528881273,      0.7690327448,                 0,       53.75056763,     0.02046235629
          0,           0,         138,      -8.193534395,      -7.099330191,      -7.789989647,      -7.706672025,      -11.85642819,     0.01574572346,     0.01427868887,      0.7703306756,                 0,                 0,                 0,     0.04592659485,    -0.05291438804,      0.7686438045,                 0,       53.94967861,     0.02046235629
          0,           0,         139,       -8.19705489,      -7.105670081,      -7.790329503,      -7.709610108,      -11.85771666,     0.01574572346,     0.01422047319,      0.7699424262,                 0,                 0,                 0,     0.04584755164,    -0.05293854404,      0.7682519588,                 0,       54.14323532,     0.02046235629
          0,           0,         140,      -8.200612972,      -7.112038331,      -7.790833683,      -7.712607732,      -11.85898402,     0.01574572346,     0.01416404714,      0.7695516387,                 0,                 0,                 0,     0.04576788552,    -0.05296069599,      0.7678577404,                 0,       54.33133842,     0.02046235629
          0,           0,         141,      -8.204214558,      -7.118436416,      -7.791515158,      -7.715671935,      -11.86014379,     0.01574572346,     0.01410935759,      0.7691588354,                 0,                 0,                 0,     0.04568771378,    -0.05298094236,      0.7674616653,                 0,       54.51409326,     0.02046235629
          0,           0,         142,      -8.207865067,      -7.124865461,      -7.792384209,      -7.718809011,      -11.86116741,     0.01574572346,     0.01405635226,      0.7687645203,                 0,                 0,                 0,     0.04560714879,    -0.05299937917,       0.767064231,                 0,       54.69160891,      0.0203356036
          0,           0,         143,      -8.211569121,      -7.131326263,      -7.793448542,      -7.722024276,       -11.8620605,     0.01574572346,     0.01400497993,       0.768369178,                 0,                 0,                 0,      0.0455262978,    -0.05301609966,      0.7666659157,                 0,       54.86399709,      0.0203356036
          0,           0,         144,       -8.21533083,      -7.137819286,       -7.79471343,       -7.72532242,      -11.86283743,     0.01574572346,     0.01395519058,      0.7679732725,                 0,                 0,                 0,     0.04544526287,    -0.05303119411,      0.7662671773,                 0,       55.03137117,      0.0203356036
          0,           0,         145,      -8.219153843,      -7.144344681,      -7.796182108,      -7.728707569,      -11.86351067,     0.01574572346,     0.01390693483,      0.7675772466,                 0,                 0,                 0,     0.04536414082,     -0.0530447503,      0.7658684527,                 0,       55.19384796,      0.0203356036
          0,           0,         146,      -8.223041338,      -7.150902309,      -7.797856074,       -7.73218325,      -11.86409012,     0.01574572346,     0.01386016486,      0.7671815208,                 0,                 0,                 0,     0.04528302311,    -0.05305685252,      0.7654701565,                 0,        55.3515437,      0.0203356036
          0,           0,         147,      -8.226996054,      -7.157491773,      -7.799735245,      -7.735752433,      -11.86458431,     0.01574572346,     0.01381483381,      0.7667864933,                 0,                 0,                 0,     0.04520199582,    -0.05306758215,      0.7650726813,                 0,       55.50457599,      0.0203356036
          0,           0,         148,      -8.231020227,      -7.164112446,      -7.801818177,       -7.73941746,       -11.8649939,     0.01574572346,     0.01377089595,      0.7663925391,                 0,                 0,                 0,      0.0451211398,    -0.05307701745,      0.7646763968,                 0,       55.65306294,      0.0203356036
          0,           0,         149,      -8.235115628,      -7.170763495,      -7.804102186,      -7.743180095,      -11.86532466,     0.01574572346,     0.01372830667,      0.7660000103,                 0,                 0,                 0,      0.0450405305,    -0.05308523353,      0.7642816498,                 0,        55.7971226,      0.0203356036
          0,           0,         150,      -8.239283643,      -7.177443922,      -7.806583514,      -7.747041625,      -11.86558591,     0.01574572346,     0.01368702243,      0.7656092352,                 0,                 0,                 0,     0.04496023795,    -0.05309230238,      0.7638887635,                 0,         55.936873,      0.0203356036
          0,           0,         151,      -8.243525259,      -7.184152584,      -7.809257488,       -7.75100283,      -11.86578956,     0.01574572346,     0.01364700069,      0.7652205187,                 0,                 0,                 0,     0.04488032679,    -0.05309829294,       0.763498038,                 0,       56.07243203,      0.0203356036
          0,           0,         152,      -8.247841194,      -7.190888227,      -7.812118719,       -7.75506417,      -11.86602801,     0.01574572346,     0.01360820008,      0.7648341422,                 0,                 0,                 0,     0.04480085664,    -0.05310327097,      0.7631097502,                 0,       56.20391657,      0.0203356036
          0,           0,         153,       -8.25223177,      -7.197649503,      -7.815160888,      -7.759225641,      -11.86621802,     0.01574572346,      0.0135705804,      0.7644503639,                 0,                 0,                 0,      0.0447218817,    -0.05310729901,      0.7627241534,                 0,       56.33144207,      0.0203356036
          0,           0,         154,      -8.256697172,      -7.204434961,      -7.818377635,      -7.763487041,      -11.86635502,     0.01574572346,     0.01353410238,      0.7640694174,                 0,                 0,                 0,     0.04464345059,    -0.05311043655,      0.7623414773,                 0,       56.45512322,      0.0203356036
          0,           0,         155,      -8.261236894,      -7.211243125,      -7.821761854,      -7.767847257,      -11.86644439,     0.01574572346,     0.01349872766,      0.7636915137,                 0,                 0,                 0,     0.04456560719,    -0.05311274018,      0.7619619285,                 0,       56.57507382,      0.0203356036
          0,           0,         156,      -8.265850201,      -7.218072474,       -7.82530577,      -7.772304973,      -11.86650677,     0.01574572346,     0.01346441907,      0.7633168411,                 0,                 0,                 0,     0.04448839038,    -0.05311426335,      0.7615856915,                 0,       56.69140547,      0.0203356036
          0,           0,         157,      -8.270536258,      -7.224921487,      -7.829001312,      -7.776858774,      -11.86656312,     0.01574572346,     0.01343114053,      0.7629455663,                 0,                 0,                 0,     0.04441183438,    -0.05311505651,      0.7612129291,                 0,       56.80422778,      0.0203356036
          0,           0,         158,      -8.275294009,      -7.231788689,        -7.8328403,       -7.78150698,      -11.86663226,     0.01574572346,     0.01339885686,      0.7625778343,                 0,                 0,                 0,     0.04433596882,    -0.05311516738,      0.7608437827,                 0,       56.91364884,      0.0203356036
          0,           0,         159,      -8.280122298,      -7.238672672,      -7.836814484,      -7.786247761,      -11.86673199,     0.01574572346,       0.013367534,      0.7622137696,                 0,                 0,                 0,     0.04426081893,    -0.05311464072,      0.7604783734,                 0,       57.01977413,      0.0203356036
          0,           0,         160,      -8.285019709,      -7.245572124,      -7.840915487,      -7.791078984,      -11.86687965,     0.01574572346,     0.01333713897,      0.7618534769,                 0,                 0,                 0,      0.0441864057,    -0.05311351851,      0.7601168027,                 0,       57.12270665,      0.0199971548
          0,           0,         161,        -8.2899847,      -7.252485866,      -7.845134899,      -7.795998381,      -11.86712397,     0.01574572346,     0.01330763964,      0.7614970421,                 0,                 0,                 0,     0.04411274648,    -0.05311184025,      0.7597591532,                 0,       57.22254755,      0.0199971548
          0,           0,         162,      -8.295015553,      -7.259412878,      -7.849464106,      -7.801003494,      -11.86744972,     0.01574572346,     0.01327900509,      0.7611445341,                 0,                 0,                 0,     0.04403985502,    -0.05310964274,      0.7594054909,                 0,       57.31939472,      0.0199971548
          0,           0,         163,      -8.300110774,      -7.266352263,      -7.853895162,      -7.806092136,      -11.86787036,     0.01574572346,     0.01325120534,       0.760796004,                 0,                 0,                 0,     0.04396774144,     -0.0531069603,      0.7590558641,                 0,       57.41334349,      0.0199971548
          0,           0,         164,      -8.305268273,      -7.273303335,      -7.858420084,      -7.811261345,      -11.86838834,     0.01574572346,     0.01322421158,      0.7604514879,                 0,                 0,                 0,     0.04389641299,    -0.05310382478,      0.7587103064,                 0,       57.50448585,      0.0199971548
          0,           0,         165,      -8.310486135,      -7.280265591,      -7.863031008,      -7.816508453,       -11.8690193,     0.01574572346,     0.01319799606,      0.7601110075,                 0,                 0,                 0,     0.04382587414,    -0.05310026573,      0.7583688368,                 0,       57.59291062,      0.0199971548
          0,           0,         166,      -8.315762438,      -7.287238706,      -7.867720268,      -7.821830811,      -11.86978113,     0.01574572346,     0.01317253217,      0.7597745719,                 0,                 0,                 0,     0.04375612688,    -0.05309631043,      0.7580314621,                 0,       57.67870308,      0.0199971548
          0,           0,         167,      -8.321095491,      -7.294222576,      -7.872480759,       -7.82722606,      -11.87069765,     0.01574572346,     0.01314779434,      0.7594421783,                 0,                 0,                 0,     0.04368717124,    -0.05309198411,      0.7576981773,                 0,       57.76194537,      0.0199971548
          0,           0,         168,      -8.326483399,      -7.301217265,      -7.877305563,      -7.832691608,       -11.8717705,     0.01574572346,     0.01312375824,      0.7591138148,                 0,                 0,                 0,      0.0436190055,    -0.05308730998,      0.7573689684,                 0,       57.84271556,      0.0199971548
          0,           0,         169,      -8.331924827,      -7.308223098,      -7.882188832,       -7.83822558,      -11.87302891,     0.01574572346,     0.01310040018,      0.7587894587,                 0,                 0,                 0,     0.04355162603,    -0.05308230966,      0.7570438108,                 0,       57.92109007,      0.0199971548
          0,           0,         170,      -8.337417708,      -7.315240572,      -7.887124971,      -7.843825114,      -11.87447058,     0.01574572346,     0.01307769772,       0.758469081,                 0,                 0,                 0,     0.04348502789,    -0.05307700298,      0.7567226736,                 0,        57.9971412,      0.0199971548
          0,           0,         171,      -8.342960598,      -7.322270445,      -7.892109003,      -7.849488195,      -11.87610072,     0.01574572346,     0.01305562914,      0.7581526445,                 0,                 0,                 0,     0.04341920526,    -0.05307140831,      0.7564055178,                 0,       58.07093906,      0.0199971548
          0,           0,         172,      -8.348551606,      -7.329313622,      -7.897135953,      -7.855212305,      -11.87791516,     0.01574572346,     0.01303417407,      0.7578401085,                 0,                 0,                 0,      0.0433541514,    -0.05306554244,      0.7560923012,                 0,       58.14254929,      0.0199971548
          0,           0,         173,      -8.354190056,      -7.336371284,      -7.902202062,      -7.860996476,      -11.87994926,     0.01574572346,     0.01301331258,      0.7575314252,                 0,                 0,                 0,     0.04328985867,    -0.05305942102,      0.7557829744,                 0,       58.21203637,      0.0199971548
          0,           0,         174,      -8.359874126,      -7.343444715,       -7.90730387,       -7.86683825,      -11.88220432,     0.01574572346,       0.012993026,      0.7572265446,                 0,                 0,                 0,     0.04322631841,    -0.05305305831,      0.7554774859,                 0,       58.27946042,      0.0199971548
          0,           0,         175,      -8.365603011,      -7.350535504,       -7.91243876,      -7.872736429,      -11.88467015,     0.01574572346,     0.01297329608,      0.7569254113,                 0,                 0,                 0,     0.04316352215,    -0.05304646765,      0.7551757788,                 0,       58.34488063,      0.0199971548
          0,           0,         176,      -8.371374664,      -7.357645243,      -7.917603618,      -7.878688391,       -11.8873716,     0.01574572346,     0.01295410579,      0.7566279701,                 0,                 0,                 0,     0.04310146015,    -0.05303966121,      0.7548777969,                 0,       58.40835195,      0.0199971548
          0,           0,         177,      -8.377188961,      -7.364775856,      -7.922797095,      -7.884693811,      -11.89029695,     0.01574572346,     0.01293543832,      0.7563341605,                 0,                 0,                 0,     0.04304012359,    -0.05303265045,      0.7545834784,                 0,       58.46992903,      0.0199971548
          0,           0,         178,      -8.383043252,       -7.37192916,       -7.92801658,      -7.890749353,      -11.89346344,     0.01574572346,     0.01291727842,      0.7560439269,                 0,                 0,                 0,     0.04297950275,    -0.05302544572,      0.7542927665,                 0,       58.52966099,      0.0199971548
          0,           0,         179,      -8.388938318,      -7.379107366,      -7.933262132,      -7.896855872,      -11.89686358,     0.01574572346,     0.01289961063,      0.7557572072,                 0,                 0,                 0,      0.0429195894,    -0.05301805702,       0.754005598,                 0,       58.58759842,      0.0199971548
          0,           0,         180,      -8.394870843,       -7.38631242,       -7.93853172,      -7.903009261,      -11.90051199,     0.01574572346,     0.01288242136,      0.7554739488,                 0,                 0,                 0,     0.04286037422,    -0.05301049328,      0.7537219193,                 0,       58.64378503,      0.0199971548
          0,           0,         181,      -8.400842716,      -7.393546766,      -7.943826977,      -7.909211803,       -11.9044046,     0.01574572346,     0.01286569609,      0.7551940893,                 0,                 0,                 0,     0.04280184964,    -0.05300276354,      0.7534416671,                 0,       58.69826894,      0.0199971548
          0,           0,         182,      -8.406849483,      -7.400812349,      -7.949145946,       -7.91545803,      -11.90852858,     0.01574572346,     0.01284942289,      0.7549175821,                 0,                 0,                 0,     0.04274400729,    -0.05299487562,      0.7531647938,                 0,       58.75108855,      0.0199971548
          0,           0,         183,      -8.412894844,       -7.40811179,      -7.954491716,      -7.921752583,      -11.91289722,     0.01574572346,     0.01283358809,      0.7546443665,                 0,                 0,                 0,     0.04268684081,    -0.05298683786,      0.7528912377,                 0,       58.80228984,      0.0199971548
          0,           0,         184,      -8.418972942,      -7.415446926,      -7.959862388,      -7.928088321,      -11.91751139,     0.01574572346,     0.01281818119,      0.7543744023,                 0,                 0,                 0,     0.04263034198,     -0.0529786572,      0.7526209581,                 0,       58.85190662,      0.0199971548
          0,           0,         185,      -8.425089168,      -7.422820524,      -7.965262759,      -7.934471945,      -11.92236384,     0.01574572346,      0.0128031891,      0.7541076301,                 0,                 0,                 0,     0.04257450592,    -0.05297034151,      0.7523538944,                 0,       58.89998374,      0.0199971548
          0,           0,         186,      -8.431235364,      -7.430234125,      -7.970689749,      -7.940893605,       -11.9274387,     0.01574572346,     0.01278860297,      0.7538440196,                 0,                 0,                 0,     0.04251932511,    -0.05296189697,      0.7520900157,                 0,       58.94654961,      0.0199971548
          0,           0,         187,      -8.437419878,      -7.437690595,      -7.976150042,      -7.947363721,      -11.93274397,     0.01574572346,     0.01277441012,      0.7535835129,                 0,                 0,                 0,     0.04246479669,    -0.05295333115,      0.7518292633,                 0,       58.99164858,      0.0199971548
          0,           0,         188,       -8.44363157,      -7.445191061,      -7.981639491,      -7.953868858,      -11.93828409,     0.01574572346,     0.01276060318,      0.7533260906,                 0,                 0,                 0,     0.04241091339,    -0.05294464973,      0.7515716173,                 0,       59.03530421,      0.0199971548
          0,           0,         189,      -8.449882165,      -7.452738522,      -7.987167298,      -7.960423586,      -11.94405167,     0.01574572346,     0.01274716937,      0.7530716953,                 0,                 0,                 0,     0.04235767419,     -0.0529358604,      0.7513170191,                 0,       59.07756249,      0.0199971548
          0,           0,         190,      -8.456156522,      -7.460333521,      -7.992727001,      -7.967009672,      -11.95003883,     0.01574572346,     0.01273410288,      0.7528203204,                 0,                 0,                 0,     0.04230507226,     -0.0529269684,       0.751065462,                 0,       59.11844182,      0.0199971548
          0,           0,         191,       -8.46247105,      -7.467979196,      -7.998330462,      -7.973647528,       -11.9562396,     0.01574572346,     0.01272139093,      0.7525719086,                 0,                 0,                 0,     0.04225310898,    -0.05291798147,      0.7508168876,                 0,        59.1579893,      0.0199971548
          0,           0,         192,       -8.46880512,      -7.475675324,      -8.003968567,      -7.980312421,      -11.96264853,     0.01574572346,     0.01270902911,      0.7523264672,                 0,                 0,                 0,     0.04220177755,    -0.05290890463,      0.7505713028,                 0,       59.19621876,      0.0199971548
          0,           0,         193,      -8.475181931,      -7.483425345,      -8.009656612,      -7.987032876,       -11.9692559,     0.01574572346,     0.01269700437,      0.7520839383,                 0,                 0,                 0,     0.04215108176,    -0.05289974581,      0.7503286487,                 0,       59.23317945,      0.0199971548
          0,           0,         194,      -8.481575411,        -7.4912282,      -8.015382983,      -7.993777612,      -11.97605338,     0.01574572346,     0.01268531407,      0.7518443441,                 0,                 0,                 0,     0.04210101512,    -0.05289050963,      0.7500889474,                 0,       59.26887897,      0.0199971548
          0,           0,         195,      -8.488013124,      -7.499087385,      -8.021166058,      -8.000580875,      -11.98304511,     0.01574572346,     0.01267394453,      0.7516076245,                 0,                 0,                 0,     0.04205158312,    -0.05288120443,      0.7498521376,                 0,       59.30337022,      0.0199971548
          0,           0,         196,      -8.494463923,      -7.507001073,      -8.026990601,       -8.00740513,       -11.9902278,     0.01574572346,     0.01266289424,      0.7513738137,                 0,                 0,                 0,     0.04200277838,     -0.0528718347,      0.7496182534,                 0,        59.3366571,      0.0199971548
          0,           0,         197,      -8.500961154,      -7.514972953,      -8.032878119,      -8.014291641,      -11.99759325,     0.01574572346,     0.01265214905,      0.7511428485,                 0,                 0,                 0,     0.04195460801,    -0.05286240906,      0.7493872306,                 0,       59.36879539,      0.0199971548
          0,           0,         198,      -8.507467833,      -7.523000248,      -8.038809826,      -8.021195855,      -12.00513304,     0.01574572346,      0.0126417085,      0.7509147732,                 0,                 0,                 0,     0.04190706394,    -0.05285293181,      0.7491591132,                 0,       59.39978549,      0.0199971548
          0,           0,         199,      -8.514022437,      -7.531086731,      -8.044809749,      -8.028165353,      -12.01284021,     0.01574572346,     0.01263155825,      0.7506895226,                 0,                 0,                 0,     0.04186015452,    -0.05284341156,      0.7489338351,                 0,        59.4296846,      0.0199971548
          0,           0,         200,       -8.52058328,        -7.5392288,      -8.050856224,      -8.035149925,      -12.02070795,     0.01574572346,      0.0126216986,      0.7504671481,                 0,                 0,                 0,     0.04181387103,    -0.05283385248,      0.7487114475,                 0,       59.45849066,      0.0199971548
          0,           0,         201,      -8.527192726,      -7.547430227,      -8.056975093,      -8.042201932,      -12.02873021,     0.01574572346,     0.01261211525,      0.7502475839,                 0,                 0,                 0,     0.04176822248,    -0.05282426308,      0.7484918836,                 0,       59.48626136,      0.0199971548
          0,           0,         202,      -8.533806015,      -7.555686716,      -8.063142725,       -8.04926748,      -12.03690085,     0.01574572346,     0.01260280876,      0.7500308846,                 0,                 0,                 0,     0.04172319966,    -0.05281464756,      0.7482751978,                 0,       59.51299418,      0.0199971548
          0,           0,         203,      -8.540467457,      -7.564001891,      -8.069385616,      -8.056401339,      -12.04521027,     0.01574572346,     0.01259376516,      0.7498169856,                 0,                 0,                 0,     0.04167881156,    -0.05280501423,      0.7480613246,                 0,       59.53874606,      0.0199971548
          0,           0,         204,      -8.547131198,      -7.572370949,      -8.075679172,      -8.063548336,      -12.05365294,     0.01574572346,     0.01258498503,      0.7496059412,                 0,                 0,                 0,     0.04163504894,    -0.05279536721,       0.747850318,                 0,       59.56351473,      0.0199971548
          0,           0,         205,      -8.553841495,      -7.580797206,      -8.082049428,      -8.070763217,      -12.06224421,     0.01574572346,     0.01257645504,      0.7493976897,                 0,                 0,                 0,     0.04159192008,    -0.05278571443,      0.7476421155,                 0,        59.5873549,      0.0199971548
          0,           0,         206,      -8.560553449,      -7.589275608,      -8.088472182,       -8.07799201,      -12.07102192,     0.01574572346,     0.01256817534,      0.7491922812,                 0,                 0,                 0,     0.04154941559,    -0.05277606009,       0.747436767,                 0,       59.61026647,      0.0199971548
          0,           0,         207,      -8.567309116,      -7.597808999,      -8.094971724,      -8.085286791,      -12.07984274,     0.01574572346,      0.0125601335,      0.7489896584,                 0,                 0,                 0,     0.04150754284,    -0.05276641159,      0.7472342144,                 0,       59.63230074,      0.0199971548
          0,           0,         208,      -8.574066251,      -7.606392222,      -8.101524905,      -8.092596846,      -12.08874649,     0.01574572346,     0.01255232927,      0.7487898657,                 0,                 0,                 0,     0.04146629291,    -0.05275677304,      0.7470345018,                 0,       59.65345951,      0.0199971548
          0,           0,         209,      -8.580863394,       -7.61502757,      -8.108153704,      -8.099970016,      -12.09773298,     0.01574572346,      0.0125447512,      0.7485928516,                 0,                 0,                 0,     0.04142567207,    -0.05274715136,      0.7468375769,                 0,       59.67379025,      0.0199971548
          0,           0,         210,      -8.587662334,      -7.623709965,      -8.114837106,      -8.107360506,      -12.10672764,     0.01574572346,     0.01253739843,      0.7483986534,                 0,                 0,                 0,     0.04138567202,    -0.05273755067,      0.7466434769,                 0,       59.69329742,      0.0199971548
          0,           0,         211,      -8.594497326,      -7.632441109,      -8.121594575,      -8.114810972,      -12.11590462,     0.01574572346,     0.01253026065,       0.748207226,                 0,                 0,                 0,     0.04134629762,    -0.05272797728,      0.7464521558,                 0,        59.7120241,      0.0199971548
          0,           0,         212,      -8.601334871,      -7.641216137,       -8.12840767,      -8.122281403,      -12.12520919,     0.01574572346,     0.01252333624,      0.7480185985,                 0,                 0,                 0,      0.0413075411,    -0.05271843538,      0.7462636426,                 0,       59.72997804,      0.0199971548
          0,           0,         213,      -8.608204354,      -7.650036154,      -8.135292843,      -8.129808543,      -12.13462011,     0.01574572346,     0.01251661586,      0.7478327309,                 0,                 0,                 0,     0.04126940562,    -0.05270893076,      0.7460778966,                 0,       59.74719839,      0.0199971548
          0,           0,         214,      -8.615077082,      -7.658896561,      -8.142234038,      -8.137358233,      -12.14411625,     0.01574572346,     0.01251009729,      0.7476496444,                 0,                 0,                 0,     0.04123188394,    -0.05269946748,      0.7458949386,                 0,       59.76369545,      0.0199971548
          0,           0,         215,      -8.621977384,      -7.667797904,      -8.149244716,      -8.144961055,      -12.15368719,     0.01574572346,     0.01250377201,      0.7474693023,                 0,                 0,                 0,      0.0411949772,    -0.05269005085,      0.7457147315,                 0,       59.77950509,      0.0199971548
          0,           0,         216,      -8.628881385,      -7.676735931,      -8.156311256,      -8.152588685,      -12.16332273,     0.01574572346,     0.01249763712,      0.7472917164,                 0,                 0,                 0,     0.04115867794,    -0.05268068476,      0.7455372867,                 0,       59.79464034,      0.0199971548
          0,           0,         217,       -8.63580847,      -7.685710614,      -8.163443752,      -8.160265642,      -12.17301681,     0.01574572346,     0.01249168491,      0.7471168526,                 0,                 0,                 0,     0.04112298551,    -0.05267137393,      0.7453625695,                 0,       59.80913366,      0.0199971548
          0,           0,         218,      -8.642738944,      -7.694718018,       -8.17063043,      -8.167968609,      -12.18276586,     0.01574572346,     0.01248591202,      0.7469447137,                 0,                 0,                 0,     0.04108789235,    -0.05266212196,      0.7451905825,                 0,       59.82299994,      0.0199971548
          0,           0,         219,      -8.649687578,      -7.703757627,      -8.177878432,      -8.175716421,      -12.19256649,     0.01574572346,     0.01248031146,       0.746775267,                 0,                 0,                 0,     0.04105339608,    -0.05265293296,      0.7450212925,                 0,       59.83626848,      0.0199971548
          0,           0,         220,      -8.656638617,      -7.712825838,      -8.185177876,      -8.183490507,       -12.2024157,     0.01574572346,     0.01247487952,      0.7466085072,                 0,                 0,                 0,     0.04101948895,    -0.05264381015,      0.7448546939,                 0,       59.84895532,      0.0199971548
          0,           0,         221,      -8.663602949,      -7.721921745,      -8.192533433,       -8.19130493,      -12.21231074,     0.01574572346,     0.01246960989,       0.746444402,                 0,                 0,                 0,     0.04098616686,    -0.05263475702,      0.7446907538,                 0,       59.86108697,      0.0199971548
          0,           0,         222,      -8.670568234,      -7.731042085,      -8.199936778,      -8.199145216,      -12.22224908,     0.01574572346,     0.01246449861,      0.7462829385,                 0,                 0,                 0,     0.04095342174,    -0.05262577638,      0.7445294592,                 0,       59.87268016,      0.0199971548
          0,           0,         223,      -8.677541985,      -7.740185661,      -8.207390345,       -8.20702123,      -12.23222538,     0.01574572346,     0.01245953985,      0.7461240834,                 0,                 0,                 0,     0.04092124786,    -0.05261687113,      0.7443707764,                 0,       59.88375913,      0.0199971548
          0,           0,         224,      -8.684514534,      -7.749349504,       -8.21488685,      -8.214921653,      -12.24223521,     0.01574572346,     0.01245472956,      0.7459678171,                 0,                 0,                 0,     0.04088963676,    -0.05260804361,      0.7442146855,                 0,       59.89434083,      0.0199971548
          0,           0,         225,      -8.691490567,      -7.758532213,      -8.222426897,      -8.222852775,      -12.25228553,     0.01574572346,     0.01245006237,      0.7458141052,                 0,                 0,                 0,     0.04085858146,    -0.05259929617,      0.7440611518,                 0,       59.90444731,      0.0199971548
          0,           0,         226,      -8.698462696,      -7.767731145,      -8.230004254,      -8.230805989,      -12.26236298,     0.01574572346,     0.01244553415,      0.7456629219,                 0,                 0,                 0,      0.0408280729,    -0.05259063067,      0.7439101492,                 0,       59.91409555,      0.0199971548
          0,           0,         227,      -8.705433535,      -7.776944782,      -8.237618005,       -8.23878496,      -12.27247606,     0.01574572346,        0.01244114,      0.7455142317,                 0,                 0,                 0,     0.04079810322,    -0.05258204889,      0.7437616417,                 0,        59.9233054,      0.0199971548
          0,           0,         228,      -8.712397294,      -7.786170761,      -8.245262556,      -8.246782923,      -12.28261995,     0.01574572346,     0.01243687591,      0.7453680044,                 0,                 0,                 0,     0.04076866328,    -0.05257355221,      0.7436155993,                 0,       59.93209307,      0.0199971548
          0,           0,         229,      -8.719355009,      -7.795407518,      -8.252936113,      -8.254801502,       -12.2927838,     0.01574572346,     0.01243273745,      0.7452242039,                 0,                 0,                 0,     0.04073974472,    -0.05256514188,      0.7434719853,                 0,       59.94047626,      0.0199971548
          0,           0,         230,      -8.726302319,      -7.804652979,      -8.260634088,      -8.262835638,      -12.30295395,     0.01574572346,     0.01242872081,      0.7450827977,                 0,                 0,                 0,     0.04071133852,    -0.05255681886,      0.7433307671,                 0,       59.94847007,      0.0199971548
          0,           0,         231,      -8.733239433,       -7.81390566,      -8.268354562,      -8.270885923,      -12.31311265,     0.01574572346,     0.01242482199,      0.7449437494,                 0,                 0,                 0,     0.04068343615,      -0.052548584,      0.7431919082,                 0,       59.95609033,      0.0199971548
          0,           0,         232,      -8.740163205,      -7.823163796,      -8.276093935,       -8.27894878,      -12.32323492,     0.01574572346,     0.01242103737,       0.744807025,                 0,                 0,                 0,     0.04065602861,    -0.05254043789,      0.7430553741,                 0,       59.96335111,      0.0199971548
          0,           0,         233,       -8.74707331,       -7.83242601,      -8.283850182,      -8.287024108,      -12.33329529,     0.01574572346,     0.01241736331,      0.7446725882,                 0,                 0,                 0,     0.04062910736,    -0.05253238103,      0.7429211287,                 0,       59.97026661,      0.0199971548
          0,           0,         234,      -8.753967307,      -7.841690834,      -8.291620448,      -8.295109126,      -12.34328723,     0.01574572346,     0.01241379635,      0.7445404035,                 0,                 0,                 0,     0.04060266335,    -0.05252441376,      0.7427891361,                 0,       59.97685014,      0.0199971548
          0,           0,         235,       -8.76084459,      -7.850957047,      -8.299402776,      -8.303203347,      -12.35321817,     0.01574572346,     0.01241033306,      0.7444104341,                 0,                 0,                 0,     0.04057668774,    -0.05251653629,      0.7426593594,                 0,        59.9831149,      0.0199971548
          0,           0,         236,      -8.767703214,      -7.860223354,      -8.307194465,      -8.311304538,      -12.36311479,     0.01574572346,      0.0124069702,      0.7442826438,                 0,                 0,                 0,     0.04055117162,     -0.0525087487,      0.7425317623,                 0,       59.98907323,      0.0199971548
          0,           0,         237,      -8.774542125,      -7.869488651,      -8.314993364,      -8.319411507,        -12.373017,     0.01574572346,     0.01240370458,      0.7441569959,                 0,                 0,                 0,      0.0405261063,    -0.05250105096,       0.742406308,                 0,       59.99473713,      0.0199971548
          0,           0,         238,      -8.781359644,      -7.878751818,      -8.322797132,       -8.32752225,      -12.38296729,     0.01574572346,     0.01240053322,      0.7440334544,                 0,                 0,                 0,     0.04050148309,     -0.0524934429,      0.7422829601,                 0,       60.00011784,      0.0199971548
          0,           0,         239,      -8.788154767,      -7.888011876,      -8.330603975,      -8.335635601,      -12.39299886,     0.01574572346,     0.01239745319,       0.743911983,                 0,                 0,                 0,     0.04047729358,    -0.05248592428,      0.7421616825,                 0,       60.00522621,      0.0199971548
          0,           0,         240,       -8.79492623,      -7.897267891,      -8.338412168,      -8.343750059,      -12.40312687,     0.01574572346,     0.01239446172,      0.7437925464,                 0,                 0,                 0,     0.04045352946,    -0.05247849479,      0.7420424398,                 0,       60.01007251,      0.0199971548
          0,           0,         241,      -8.801673145,      -7.906519025,      -8.346220263,      -8.351864589,      -12.41334816,     0.01574572346,     0.01239155615,      0.7436751097,                 0,                 0,                 0,     0.04043018264,    -0.05247115401,      0.7419251967,                 0,       60.01466649,      0.0199971548
          0,           0,         242,      -8.808394475,      -7.915764544,      -8.354027146,      -8.359977924,      -12.42365632,     0.01574572346,     0.01238873385,      0.7435596376,                 0,                 0,                 0,     0.04040724484,    -0.05246390151,       0.741809918,                 0,        60.0190178,      0.0199971548
          0,           0,         243,      -8.815089542,      -7.925003754,      -8.361831668,       -8.36808928,      -12.43403141,     0.01574572346,     0.01238599225,      0.7434460949,                 0,                 0,                 0,     0.04038470784,    -0.05245673679,      0.7416965684,                 0,       60.02313583,      0.0199971548
          0,           0,         244,      -8.821757422,      -7.934235985,      -8.369632388,      -8.376197453,      -12.44444954,     0.01574572346,     0.01238332882,      0.7433344466,                 0,                 0,                 0,     0.04036256343,    -0.05244965929,      0.7415851128,                 0,        60.0270297,      0.0199971548
          0,           0,         245,      -8.828397122,      -7.943460592,      -8.377427716,      -8.384301035,       -12.4548886,     0.01574572346,     0.01238074112,      0.7432246575,                 0,                 0,                 0,     0.04034080348,     -0.0524426684,       0.741475516,                 0,       60.03070822,      0.0199971548
          0,           0,         246,       -8.83500759,      -7.952676938,      -8.385215986,      -8.392398485,      -12.46532975,     0.01574572346,      0.0123782268,      0.7431166929,                 0,                 0,                 0,     0.04031941997,    -0.05243576341,      0.7413677431,                 0,       60.03417978,      0.0199971548
          0,           0,         247,      -8.841587879,      -7.961884399,      -8.392995585,       -8.40048836,      -12.47575545,     0.01574572346,     0.01237578364,      0.7430105187,                 0,                 0,                 0,     0.04029840516,    -0.05242894359,        0.74126176,                 0,       60.03745222,      0.0199971548
          0,           0,         248,      -8.848137119,      -7.971082413,      -8.400765226,        -8.4085693,      -12.48616014,     0.01574572346,     0.01237340945,       0.742906101,                 0,                 0,                 0,      0.0402777513,    -0.05242220813,      0.7411575326,                 0,       60.04053321,      0.0199971548
          0,           0,         249,      -8.854654713,      -7.980270452,       -8.40852382,      -8.416640345,      -12.49654108,     0.01574572346,     0.01237110212,       0.742803406,                 0,                 0,                 0,     0.04025745072,    -0.05241555622,      0.7410550274,                 0,       60.04343013,      0.0199971548
          0,           0,         250,      -8.861140089,      -7.989448008,       -8.41627017,      -8.424700528,      -12.50689538,     0.01574572346,     0.01236885961,      0.7427024005,                 0,                 0,                 0,     0.04023749583,    -0.05240898699,      0.7409542108,                 0,       60.04615009,      0.0199971548
          0,           0,         251,      -8.867592605,       -7.99861459,      -8.424002944,      -8.432748703,      -12.51722086,     0.01574572346,     0.01236667992,      0.7426030515,                 0,                 0,                 0,     0.04021787919,    -0.05240249955,      0.7408550499,                 0,       60.04869994,      0.0199971548
          0,           0,         252,      -8.874011579,      -8.007769705,      -8.431720747,      -8.440783599,      -12.52751484,     0.01574572346,     0.01236456115,      0.7425053265,                 0,                 0,                 0,     0.04019859352,    -0.05239609296,       0.740757512,                 0,       60.05108614,      0.0199971548
          0,           0,         253,       -8.88039637,      -8.016912871,      -8.439422244,      -8.448803968,       -12.5377744,     0.01574572346,     0.01236250149,      0.7424091937,                 0,                 0,                 0,     0.04017963179,    -0.05238976626,      0.7406615656,                 0,       60.05331479,      0.0199971548
          0,           0,         254,      -8.886746452,       -8.02604366,      -8.447106531,      -8.456808714,      -12.54800485,     0.01574572346,     0.01236049919,      0.7423146219,                 0,                 0,                 0,     0.04016098705,    -0.05238351847,      0.7405671792,                 0,       60.05539183,      0.0199971548
          0,           0,         255,      -8.893061584,      -8.035161648,      -8.454772797,      -8.464797193,      -12.55820826,     0.01574572346,     0.01235855253,      0.7422215804,                 0,                 0,                 0,     0.04014265246,    -0.05237734861,       0.740474322,                 0,       60.05732293,      0.0199971548
          0,           0,         256,      -8.899341528,       -8.04426644,      -8.462420204,      -8.472768728,      -12.56838532,     0.01574572346,     0.01235665988,      0.7421300387,                 0,                 0,                 0,     0.04012462137,    -0.05237125568,      0.7403829637,                 0,       60.05911355,      0.0199971548
          0,           0,         257,      -8.905585991,      -8.053357646,      -8.470047887,      -8.480722494,      -12.57853675,     0.01574572346,     0.01235481964,      0.7420399674,                 0,                 0,                 0,     0.04010688726,    -0.05236523869,      0.7402930748,                 0,       60.06076892,      0.0199971548
          0,           0,         258,      -8.911794691,      -8.062434876,      -8.477654971,      -8.488657654,      -12.58865971,     0.01574572346,     0.01235303031,      0.7419513375,                 0,                 0,                 0,     0.04008944391,     -0.0523592966,      0.7402046262,                 0,       60.06229393,      0.0199971548
          0,           0,         259,      -8.917967386,      -8.071497758,      -8.485240823,      -8.496573395,      -12.59875534,     0.01574572346,     0.01235129043,      0.7418641207,                 0,                 0,                 0,     0.04007228518,    -0.05235342842,      0.7401175897,                 0,       60.06369335,      0.0199971548
          0,           0,         260,      -8.924104025,      -8.080545965,      -8.492805096,      -8.504469231,      -12.60882758,     0.01574572346,     0.01234959857,      0.7417782895,                 0,                 0,                 0,     0.04005540505,    -0.05234763316,      0.7400319376,                 0,       60.06497178,      0.0199971548
          0,           0,         261,      -8.930204673,      -8.089579171,       -8.50034745,      -8.512344855,      -12.61887763,     0.01574572346,     0.01234795336,      0.7416938167,                 0,                 0,                 0,     0.04003879768,    -0.05234190981,      0.7399476428,                 0,       60.06613365,      0.0199971548
          0,           0,         262,      -8.936269371,      -8.098597052,      -8.507867481,       -8.52019988,      -12.62890596,     0.01574572346,     0.01234635347,      0.7416106756,                 0,                 0,                 0,     0.04002245733,     -0.0523362574,      0.7398646787,                 0,        60.0671832,      0.0199971548
          0,           0,         263,      -8.942298102,       -8.10759928,       -8.51536474,      -8.528033806,      -12.63891345,     0.01574572346,      0.0123447976,      0.7415288404,                 0,                 0,                 0,     0.04000637846,    -0.05233067494,      0.7397830193,                 0,       60.06812461,      0.0199971548
          0,           0,         264,       -8.94829088,      -8.116585519,      -8.522838764,      -8.535846106,      -12.64889651,     0.01574572346,     0.01234328454,      0.7414482859,                 0,                 0,                 0,     0.03999055577,    -0.05232516145,      0.7397026395,                 0,       60.06896167,      0.0199971548
          0,           0,         265,      -8.954247741,      -8.125555472,       -8.53028949,      -8.543636314,      -12.65885914,     0.01574572346,     0.01234181309,      0.7413689876,                 0,                 0,                 0,     0.03997498401,      -0.052319716,      0.7396235147,                 0,       60.06969819,      0.0199971548
          0,           0,         266,      -8.960168958,       -8.13450885,      -8.537716946,      -8.551404404,      -12.66880274,     0.01574572346,      0.0123403821,      0.7412909214,                 0,                 0,                 0,     0.03995965808,    -0.05231433763,      0.7395456208,                 0,       60.07033782,      0.0199971548
          0,           0,         267,      -8.966054799,      -8.143445367,      -8.545121104,      -8.559150311,      -12.67872717,     0.01574572346,     0.01233899043,      0.7412140637,                 0,                 0,                 0,     0.03994457301,    -0.05230902541,      0.7394689343,                 0,       60.07088407,      0.0199971548
          0,           0,         268,       -8.97190548,      -8.152364731,      -8.552501805,      -8.566873847,      -12.68862844,     0.01574572346,     0.01233763702,      0.7411383919,                 0,                 0,                 0,     0.03992972402,    -0.05230377844,      0.7393934325,                 0,       60.07134031,      0.0199971548
          0,           0,         269,      -8.977721174,      -8.161266676,      -8.559859099,      -8.574574721,      -12.69850932,     0.01574572346,     0.01233632078,      0.7410638834,                 0,                 0,                 0,     0.03991510633,    -0.05229859582,      0.7393190927,                 0,       60.07170993,      0.0199971548
          0,           0,         270,      -8.983502171,      -8.170150913,      -8.567193005,      -8.582252868,      -12.70837128,     0.01574572346,     0.01233504067,      0.7409905161,                 0,                 0,                 0,      0.0399007153,    -0.05229347668,      0.7392458931,                 0,       60.07199618,      0.0199971548
          0,           0,         271,      -8.989248745,      -8.179017156,      -8.574503445,      -8.589908172,      -12.71821522,     0.01574572346,     0.01233379569,      0.7409182687,                 0,                 0,                 0,     0.03988654641,    -0.05228842015,      0.7391738121,                 0,        60.0722022,      0.0199971548
          0,           0,         272,      -8.994961139,      -8.187865107,      -8.581790238,      -8.597540437,      -12.72803819,     0.01574572346,     0.01233258489,      0.7408471202,                 0,                 0,                 0,     0.03987259531,    -0.05228342534,      0.7391028288,                 0,       60.07233089,      0.0199971548
          0,           0,         273,      -9.000639575,      -8.196694484,      -8.589053349,      -8.605149406,       -12.7378401,     0.01574572346,     0.01233140731,      0.7407770501,                 0,                 0,                 0,      0.0398588577,    -0.05227849143,      0.7390329227,                 0,        60.0723852,      0.0199971548
